time,Main Price
2019-01-18 16:00:00,156.18
2019-01-22 09:35:00,156.59
2019-01-22 09:40:00,155.815
2019-01-22 09:45:00,155.94
2019-01-22 09:50:00,155.56
2019-01-22 09:55:00,155.6
2019-01-22 10:00:00,155.36
2019-01-22 10:05:00,155.415
2019-01-22 10:10:00,155.1
2019-01-22 10:15:00,155.24
2019-01-22 10:20:00,155.23
2019-01-22 10:25:00,155.33
2019-01-22 10:30:00,155.425
2019-01-22 10:35:00,155.1835
2019-01-22 10:40:00,155.05
2019-01-22 10:45:00,155.21
2019-01-22 10:50:00,155.19
2019-01-22 10:55:00,155.25
2019-01-22 11:00:00,155.3355
2019-01-22 11:05:00,155.17
2019-01-22 11:10:00,155.26
2019-01-22 11:15:00,155.38
2019-01-22 11:20:00,155.5126
2019-01-22 11:25:00,155.342
2019-01-22 11:30:00,155.43
2019-01-22 11:35:00,155.19
2019-01-22 11:40:00,155.25
2019-01-22 11:45:00,155.22
2019-01-22 11:50:00,154.88
2019-01-22 11:55:00,154.726
2019-01-22 12:00:00,154.69
2019-01-22 12:05:00,154.58
2019-01-22 12:10:00,154.66
2019-01-22 12:15:00,154.81
2019-01-22 12:20:00,154.97
2019-01-22 12:25:00,155.09
2019-01-22 12:30:00,154.98
2019-01-22 12:35:00,154.89
2019-01-22 12:40:00,154.91899999999995
2019-01-22 12:45:00,155.0043
2019-01-22 12:50:00,155.27
2019-01-22 12:55:00,155.105
2019-01-22 13:00:00,154.8095
2019-01-22 13:05:00,154.75
2019-01-22 13:10:00,154.5175
2019-01-22 13:15:00,154.39
2019-01-22 13:20:00,154.292
2019-01-22 13:25:00,154.18
2019-01-22 13:30:00,154.1425
2019-01-22 13:35:00,154.29
2019-01-22 13:40:00,154.36
2019-01-22 13:45:00,154.31
2019-01-22 13:50:00,154.3199
2019-01-22 13:55:00,154.545
2019-01-22 14:00:00,154.53
2019-01-22 14:05:00,154.31
2019-01-22 14:10:00,154.18
2019-01-22 14:15:00,154.05
2019-01-22 14:20:00,153.9407
2019-01-22 14:25:00,153.92
2019-01-22 14:30:00,153.7195
2019-01-22 14:35:00,153.67
2019-01-22 14:40:00,153.83
2019-01-22 14:45:00,153.79
2019-01-22 14:50:00,153.37
2019-01-22 14:55:00,153.115
2019-01-22 15:00:00,153.0059
2019-01-22 15:05:00,153.19
2019-01-22 15:10:00,152.8908
2019-01-22 15:15:00,152.78
2019-01-22 15:20:00,152.85
2019-01-22 15:25:00,152.9252
2019-01-22 15:30:00,153.3153
2019-01-22 15:35:00,153.38
2019-01-22 15:40:00,153.04
2019-01-22 15:45:00,153.83
2019-01-22 15:50:00,153.6
2019-01-22 15:55:00,153.2307
2019-01-22 16:00:00,152.8
2019-01-23 09:35:00,154.19
2019-01-23 09:40:00,154.38
2019-01-23 09:45:00,154.39
2019-01-23 09:50:00,154.6
2019-01-23 09:55:00,154.96
2019-01-23 10:00:00,154.97
2019-01-23 10:05:00,154.62
2019-01-23 10:10:00,154.94
2019-01-23 10:15:00,154.7
2019-01-23 10:20:00,154.62
2019-01-23 10:25:00,154.3
2019-01-23 10:30:00,154.219
2019-01-23 10:35:00,153.84
2019-01-23 10:40:00,154.03
2019-01-23 10:45:00,153.845
2019-01-23 10:50:00,153.8
2019-01-23 10:55:00,153.5
2019-01-23 11:00:00,153.65
2019-01-23 11:05:00,153.6744
2019-01-23 11:10:00,153.55
2019-01-23 11:15:00,153.58
2019-01-23 11:20:00,153.205
2019-01-23 11:25:00,152.8864
2019-01-23 11:30:00,152.7558
2019-01-23 11:35:00,152.9
2019-01-23 11:40:00,153.11
2019-01-23 11:45:00,152.92
2019-01-23 11:50:00,152.71
2019-01-23 11:55:00,152.46
2019-01-23 12:00:00,152.2033
2019-01-23 12:05:00,152.21
2019-01-23 12:10:00,152.25
2019-01-23 12:15:00,151.95
2019-01-23 12:20:00,151.9535
2019-01-23 12:25:00,151.92
2019-01-23 12:30:00,152.2661
2019-01-23 12:35:00,152.25
2019-01-23 12:40:00,152.3687
2019-01-23 12:45:00,152.18
2019-01-23 12:50:00,152.4
2019-01-23 12:55:00,152.6063
2019-01-23 13:00:00,152.56
2019-01-23 13:05:00,152.6989
2019-01-23 13:10:00,152.31
2019-01-23 13:15:00,152.545
2019-01-23 13:20:00,152.37
2019-01-23 13:25:00,152.731
2019-01-23 13:30:00,152.81
2019-01-23 13:35:00,152.84
2019-01-23 13:40:00,153.04
2019-01-23 13:45:00,153.08
2019-01-23 13:50:00,153.07399999999996
2019-01-23 13:55:00,153.12
2019-01-23 14:00:00,153.14
2019-01-23 14:05:00,153.33
2019-01-23 14:10:00,153.59
2019-01-23 14:15:00,153.18
2019-01-23 14:20:00,153.1
2019-01-23 14:25:00,152.83
2019-01-23 14:30:00,153.1
2019-01-23 14:35:00,153.314
2019-01-23 14:40:00,153.27
2019-01-23 14:45:00,153.15
2019-01-23 14:50:00,152.85
2019-01-23 14:55:00,152.9
2019-01-23 15:00:00,153.055
2019-01-23 15:05:00,153.1
2019-01-23 15:10:00,153.38
2019-01-23 15:15:00,153.18
2019-01-23 15:20:00,153.2567
2019-01-23 15:25:00,153.4934
2019-01-23 15:30:00,153.63
2019-01-23 15:35:00,153.79
2019-01-23 15:40:00,153.695
2019-01-23 15:45:00,153.71
2019-01-23 15:50:00,153.59
2019-01-23 15:55:00,153.77
2019-01-23 16:00:00,153.6546
2019-01-24 09:35:00,153.81
2019-01-24 09:40:00,154.28
2019-01-24 09:45:00,154.13
2019-01-24 09:50:00,153.88
2019-01-24 09:55:00,153.68
2019-01-24 10:00:00,153.4962
2019-01-24 10:05:00,153.06
2019-01-24 10:10:00,153.0
2019-01-24 10:15:00,153.08
2019-01-24 10:20:00,153.35
2019-01-24 10:25:00,153.4
2019-01-24 10:30:00,153.23
2019-01-24 10:35:00,153.5802
2019-01-24 10:40:00,153.14
2019-01-24 10:45:00,153.05
2019-01-24 10:50:00,152.875
2019-01-24 10:55:00,152.64
2019-01-24 11:00:00,152.55
2019-01-24 11:05:00,152.3
2019-01-24 11:10:00,152.47
2019-01-24 11:15:00,152.44
2019-01-24 11:20:00,152.01
2019-01-24 11:25:00,152.14
2019-01-24 11:30:00,152.255
2019-01-24 11:35:00,152.15
2019-01-24 11:40:00,152.3
2019-01-24 11:45:00,152.59
2019-01-24 11:50:00,152.65
2019-01-24 11:55:00,152.73
2019-01-24 12:00:00,152.77
2019-01-24 12:05:00,152.95
2019-01-24 12:10:00,152.75
2019-01-24 12:15:00,152.59
2019-01-24 12:20:00,152.56
2019-01-24 12:25:00,152.67
2019-01-24 12:30:00,152.64
2019-01-24 12:35:00,152.66
2019-01-24 12:40:00,152.66
2019-01-24 12:45:00,152.31
2019-01-24 12:50:00,152.36
2019-01-24 12:55:00,152.39
2019-01-24 13:00:00,152.24
2019-01-24 13:05:00,152.21
2019-01-24 13:10:00,152.1
2019-01-24 13:15:00,152.26
2019-01-24 13:20:00,152.18
2019-01-24 13:25:00,152.32
2019-01-24 13:30:00,152.26
2019-01-24 13:35:00,152.2899
2019-01-24 13:40:00,152.22
2019-01-24 13:45:00,152.07
2019-01-24 13:50:00,151.86
2019-01-24 13:55:00,151.95
2019-01-24 14:00:00,151.95
2019-01-24 14:05:00,152.0163
2019-01-24 14:10:00,151.99
2019-01-24 14:15:00,152.15
2019-01-24 14:20:00,152.02
2019-01-24 14:25:00,151.945
2019-01-24 14:30:00,151.92
2019-01-24 14:35:00,151.88
2019-01-24 14:40:00,151.79
2019-01-24 14:45:00,152.04
2019-01-24 14:50:00,151.96
2019-01-24 14:55:00,151.94
2019-01-24 15:00:00,152.25
2019-01-24 15:05:00,152.22
2019-01-24 15:10:00,152.24
2019-01-24 15:15:00,152.39
2019-01-24 15:20:00,152.37
2019-01-24 15:25:00,152.42
2019-01-24 15:30:00,152.39
2019-01-24 15:35:00,152.37
2019-01-24 15:40:00,152.2175
2019-01-24 15:45:00,152.14
2019-01-24 15:50:00,152.16
2019-01-24 15:55:00,152.27
2019-01-24 16:00:00,152.44
2019-01-25 09:35:00,155.4753
2019-01-25 09:40:00,154.67
2019-01-25 09:45:00,155.22
2019-01-25 09:50:00,155.21
2019-01-25 09:55:00,155.6901
2019-01-25 10:00:00,156.04
2019-01-25 10:05:00,156.3
2019-01-25 10:10:00,156.4201
2019-01-25 10:15:00,156.91
2019-01-25 10:20:00,156.98
2019-01-25 10:25:00,156.69
2019-01-25 10:30:00,156.58
2019-01-25 10:35:00,156.73
2019-01-25 10:40:00,156.8
2019-01-25 10:45:00,156.93
2019-01-25 10:50:00,157.24
2019-01-25 10:55:00,156.99
2019-01-25 11:00:00,157.02
2019-01-25 11:05:00,157.18
2019-01-25 11:10:00,156.96200000000005
2019-01-25 11:15:00,156.865
2019-01-25 11:20:00,156.56
2019-01-25 11:25:00,156.61
2019-01-25 11:30:00,156.37
2019-01-25 11:35:00,156.37
2019-01-25 11:40:00,156.59
2019-01-25 11:45:00,156.76
2019-01-25 11:50:00,156.93
2019-01-25 11:55:00,157.005
2019-01-25 12:00:00,156.98
2019-01-25 12:05:00,157.01
2019-01-25 12:10:00,156.91
2019-01-25 12:15:00,156.83
2019-01-25 12:20:00,156.68
2019-01-25 12:25:00,156.69
2019-01-25 12:30:00,156.97
2019-01-25 12:35:00,156.93
2019-01-25 12:40:00,157.03
2019-01-25 12:45:00,157.22
2019-01-25 12:50:00,157.0
2019-01-25 12:55:00,156.7301
2019-01-25 13:00:00,156.75
2019-01-25 13:05:00,156.855
2019-01-25 13:10:00,156.7879
2019-01-25 13:15:00,156.86
2019-01-25 13:20:00,156.83
2019-01-25 13:25:00,156.78
2019-01-25 13:30:00,157.17
2019-01-25 13:35:00,157.15
2019-01-25 13:40:00,157.38
2019-01-25 13:45:00,157.4
2019-01-25 13:50:00,157.4532
2019-01-25 13:55:00,157.5067
2019-01-25 14:00:00,157.595
2019-01-25 14:05:00,157.64
2019-01-25 14:10:00,157.685
2019-01-25 14:15:00,157.97
2019-01-25 14:20:00,157.7777
2019-01-25 14:25:00,157.98
2019-01-25 14:30:00,157.63
2019-01-25 14:40:00,157.4693
2019-01-25 14:45:00,157.69
2019-01-25 14:50:00,157.8151
2019-01-25 14:55:00,157.52
2019-01-25 15:00:00,157.68
2019-01-25 15:05:00,157.61
2019-01-25 15:10:00,157.595
2019-01-25 15:15:00,157.37
2019-01-25 15:20:00,157.4931
2019-01-25 15:25:00,157.77
2019-01-25 15:30:00,157.76
2019-01-25 15:35:00,157.5564
2019-01-25 15:40:00,157.49
2019-01-25 15:45:00,157.4346
2019-01-25 15:50:00,157.58
2019-01-25 15:55:00,157.67
2019-01-25 16:00:00,157.7261
2019-01-28 09:35:00,155.84
2019-01-28 09:40:00,154.81
2019-01-28 09:45:00,154.85
2019-01-28 09:50:00,154.81
2019-01-28 09:55:00,154.195
2019-01-28 10:00:00,153.7781
2019-01-28 10:05:00,154.575
2019-01-28 10:10:00,154.81
2019-01-28 10:15:00,155.57
2019-01-28 10:20:00,155.1289
2019-01-28 10:25:00,155.49
2019-01-28 10:30:00,155.46
2019-01-28 10:35:00,155.27
2019-01-28 10:40:00,154.98
2019-01-28 10:45:00,155.15
2019-01-28 10:50:00,155.02
2019-01-28 10:55:00,154.49
2019-01-28 11:00:00,154.58
2019-01-28 11:05:00,154.35
2019-01-28 11:10:00,154.25
2019-01-28 11:15:00,154.505
2019-01-28 11:20:00,154.95
2019-01-28 11:25:00,154.83
2019-01-28 11:30:00,155.14
2019-01-28 11:35:00,154.9
2019-01-28 11:40:00,154.93
2019-01-28 11:45:00,154.87
2019-01-28 11:50:00,154.95
2019-01-28 11:55:00,154.65
2019-01-28 12:00:00,154.42
2019-01-28 12:05:00,154.46
2019-01-28 12:10:00,154.75
2019-01-28 12:15:00,154.84
2019-01-28 12:20:00,154.62
2019-01-28 12:25:00,154.69
2019-01-28 12:30:00,154.92
2019-01-28 12:35:00,155.03
2019-01-28 12:40:00,154.99
2019-01-28 12:45:00,155.0302
2019-01-28 12:50:00,154.95
2019-01-28 12:55:00,155.0
2019-01-28 13:00:00,155.0203
2019-01-28 13:05:00,154.84
2019-01-28 13:10:00,154.91
2019-01-28 13:15:00,155.0458
2019-01-28 13:20:00,155.3162
2019-01-28 13:25:00,155.29
2019-01-28 13:30:00,155.62
2019-01-28 13:35:00,155.57
2019-01-28 13:40:00,155.8068
2019-01-28 13:45:00,155.74
2019-01-28 13:50:00,155.655
2019-01-28 13:55:00,155.8914
2019-01-28 14:00:00,155.81
2019-01-28 14:10:00,155.83
2019-01-28 14:15:00,155.92
2019-01-28 14:20:00,155.9002
2019-01-28 14:25:00,155.8878
2019-01-28 14:30:00,155.6199
2019-01-28 14:35:00,155.71
2019-01-28 14:40:00,155.88
2019-01-28 14:45:00,155.825
2019-01-28 14:50:00,155.69
2019-01-28 14:55:00,155.96
2019-01-28 15:00:00,156.1357
2019-01-28 15:05:00,156.01
2019-01-28 15:10:00,155.96
2019-01-28 15:15:00,155.895
2019-01-28 15:20:00,155.97
2019-01-28 15:25:00,155.87
2019-01-28 15:30:00,156.02
2019-01-28 15:35:00,155.945
2019-01-28 15:40:00,156.03
2019-01-28 15:45:00,155.96
2019-01-28 15:50:00,155.93
2019-01-28 15:55:00,155.7826
2019-01-28 16:00:00,155.84
2019-01-29 09:35:00,156.2
2019-01-29 09:40:00,156.89
2019-01-29 09:45:00,156.67
2019-01-29 09:50:00,157.05
2019-01-29 09:55:00,158.0341
2019-01-29 10:00:00,157.5
2019-01-29 10:05:00,157.33
2019-01-29 10:10:00,157.85
2019-01-29 10:15:00,157.12
2019-01-29 10:20:00,156.92
2019-01-29 10:25:00,157.0279
2019-01-29 10:30:00,156.725
2019-01-29 10:35:00,156.91
2019-01-29 10:40:00,156.54
2019-01-29 10:45:00,156.38
2019-01-29 10:50:00,156.3594
2019-01-29 10:55:00,156.2851
2019-01-29 11:00:00,155.88
2019-01-29 11:05:00,155.75
2019-01-29 11:10:00,155.52
2019-01-29 11:15:00,155.72
2019-01-29 11:20:00,155.77
2019-01-29 11:25:00,155.44
2019-01-29 11:30:00,155.62
2019-01-29 11:35:00,155.73
2019-01-29 11:40:00,155.63
2019-01-29 11:45:00,156.02
2019-01-29 11:50:00,156.3
2019-01-29 11:55:00,156.42
2019-01-29 12:00:00,156.2752
2019-01-29 12:05:00,156.41
2019-01-29 12:10:00,156.2
2019-01-29 12:15:00,156.1001
2019-01-29 12:20:00,156.335
2019-01-29 12:25:00,156.5699
2019-01-29 12:30:00,156.71
2019-01-29 12:35:00,156.5807
2019-01-29 12:40:00,156.5935
2019-01-29 12:45:00,156.75
2019-01-29 12:50:00,156.7741
2019-01-29 12:55:00,156.6521
2019-01-29 13:00:00,156.84
2019-01-29 13:05:00,156.745
2019-01-29 13:10:00,156.4899
2019-01-29 13:15:00,156.33
2019-01-29 13:20:00,156.02
2019-01-29 13:25:00,156.04
2019-01-29 13:30:00,156.235
2019-01-29 13:35:00,156.13
2019-01-29 13:45:00,156.172
2019-01-29 13:50:00,156.3038
2019-01-29 13:55:00,156.2101
2019-01-29 14:00:00,156.05
2019-01-29 14:05:00,156.118
2019-01-29 14:10:00,156.1461
2019-01-29 14:15:00,155.9475
2019-01-29 14:20:00,155.7201
2019-01-29 14:25:00,155.5921
2019-01-29 14:30:00,155.0878
2019-01-29 14:35:00,155.1
2019-01-29 14:40:00,155.25
2019-01-29 14:45:00,155.185
2019-01-29 14:50:00,155.2076
2019-01-29 14:55:00,155.0001
2019-01-29 15:00:00,154.92
2019-01-29 15:05:00,154.71
2019-01-29 15:10:00,154.5829
2019-01-29 15:15:00,154.765
2019-01-29 15:20:00,154.59
2019-01-29 15:25:00,154.59
2019-01-29 15:30:00,154.31
2019-01-29 15:35:00,154.33
2019-01-29 15:40:00,154.43
2019-01-29 15:45:00,154.65
2019-01-29 15:50:00,154.66
2019-01-29 15:55:00,154.58
2019-01-29 16:00:00,154.34
2019-01-30 09:35:00,162.615
2019-01-30 09:40:00,161.69
2019-01-30 09:45:00,162.3
2019-01-30 09:50:00,161.44
2019-01-30 09:55:00,161.75
2019-01-30 10:00:00,161.3292
2019-01-30 10:05:00,160.75
2019-01-30 10:10:00,160.43
2019-01-30 10:15:00,160.8425
2019-01-30 10:20:00,161.5501
2019-01-30 10:25:00,161.83
2019-01-30 10:30:00,161.9049
2019-01-30 10:35:00,162.13
2019-01-30 10:40:00,162.1081
2019-01-30 10:45:00,162.2017
2019-01-30 10:50:00,162.02
2019-01-30 10:55:00,162.1
2019-01-30 11:00:00,162.24
2019-01-30 11:05:00,162.55
2019-01-30 11:10:00,162.81
2019-01-30 11:15:00,162.51
2019-01-30 11:20:00,162.5899
2019-01-30 11:25:00,162.82
2019-01-30 11:30:00,163.095
2019-01-30 11:35:00,162.65
2019-01-30 11:40:00,162.447
2019-01-30 11:45:00,162.1729
2019-01-30 11:50:00,162.33
2019-01-30 11:55:00,162.075
2019-01-30 12:00:00,162.015
2019-01-30 12:05:00,162.3099
2019-01-30 12:10:00,162.13
2019-01-30 12:15:00,161.95
2019-01-30 12:20:00,162.32
2019-01-30 12:25:00,162.15
2019-01-30 12:30:00,162.12
2019-01-30 12:35:00,162.32
2019-01-30 12:40:00,162.13
2019-01-30 12:45:00,162.52
2019-01-30 12:50:00,162.7227
2019-01-30 12:55:00,162.82
2019-01-30 13:00:00,162.97
2019-01-30 13:05:00,162.85
2019-01-30 13:10:00,163.0
2019-01-30 13:15:00,163.16
2019-01-30 13:20:00,162.89
2019-01-30 13:25:00,163.0084
2019-01-30 13:30:00,162.69
2019-01-30 13:35:00,162.9518
2019-01-30 13:40:00,163.1
2019-01-30 13:45:00,162.9
2019-01-30 13:50:00,163.01
2019-01-30 13:55:00,163.0819
2019-01-30 14:00:00,163.04
2019-01-30 14:05:00,163.03
2019-01-30 14:15:00,164.23
2019-01-30 14:20:00,164.84
2019-01-30 14:25:00,164.81
2019-01-30 14:30:00,164.82
2019-01-30 14:35:00,164.86
2019-01-30 14:40:00,164.86
2019-01-30 14:45:00,164.77
2019-01-30 14:50:00,164.8271
2019-01-30 14:55:00,165.19
2019-01-30 15:00:00,165.645
2019-01-30 15:05:00,166.08
2019-01-30 15:10:00,165.5
2019-01-30 15:15:00,165.16
2019-01-30 15:20:00,165.5857
2019-01-30 15:25:00,165.28
2019-01-30 15:30:00,165.57
2019-01-30 15:35:00,165.5815
2019-01-30 15:40:00,165.3243
2019-01-30 15:45:00,165.015
2019-01-30 15:50:00,165.0
2019-01-30 15:55:00,165.16
2019-01-30 16:00:00,165.06
2019-01-31 09:35:00,165.91
2019-01-31 09:40:00,165.16
2019-01-31 09:45:00,165.09
2019-01-31 09:50:00,164.86
2019-01-31 09:55:00,165.57
2019-01-31 10:00:00,166.36
2019-01-31 10:05:00,166.58
2019-01-31 10:10:00,166.525
2019-01-31 10:15:00,166.79
2019-01-31 10:20:00,167.24
2019-01-31 10:25:00,167.465
2019-01-31 10:30:00,167.6502
2019-01-31 10:35:00,168.0
2019-01-31 10:40:00,168.1448
2019-01-31 10:45:00,168.25
2019-01-31 10:50:00,168.5544
2019-01-31 10:55:00,168.27
2019-01-31 11:00:00,168.21
2019-01-31 11:05:00,168.29
2019-01-31 11:10:00,168.43
2019-01-31 11:15:00,168.22
2019-01-31 11:20:00,168.1
2019-01-31 11:25:00,167.78
2019-01-31 11:30:00,168.17
2019-01-31 11:35:00,168.0
2019-01-31 11:40:00,168.2
2019-01-31 11:45:00,168.44
2019-01-31 11:50:00,168.5
2019-01-31 11:55:00,168.58599999999996
2019-01-31 12:00:00,168.6546
2019-01-31 12:05:00,168.88
2019-01-31 12:10:00,168.17
2019-01-31 12:15:00,168.3139
2019-01-31 12:20:00,168.34
2019-01-31 12:25:00,168.18
2019-01-31 12:30:00,168.03
2019-01-31 12:35:00,168.2
2019-01-31 12:40:00,167.9943
2019-01-31 12:45:00,168.01
2019-01-31 12:50:00,167.5519
2019-01-31 12:55:00,167.76
2019-01-31 13:00:00,167.93
2019-01-31 13:05:00,167.7633
2019-01-31 13:10:00,167.4
2019-01-31 13:15:00,167.48
2019-01-31 13:20:00,167.54
2019-01-31 13:25:00,167.16
2019-01-31 13:30:00,167.4901
2019-01-31 13:35:00,167.1
2019-01-31 13:40:00,166.8903
2019-01-31 13:45:00,166.8501
2019-01-31 13:50:00,167.0249
2019-01-31 13:55:00,167.0588
2019-01-31 14:00:00,167.2012
2019-01-31 14:10:00,167.39
2019-01-31 14:15:00,167.38
2019-01-31 14:20:00,167.4072
2019-01-31 14:25:00,166.91
2019-01-31 14:30:00,166.9657
2019-01-31 14:35:00,167.01
2019-01-31 14:40:00,166.83
2019-01-31 14:45:00,166.94
2019-01-31 14:50:00,166.71
2019-01-31 14:55:00,166.65
2019-01-31 15:00:00,166.81
2019-01-31 15:05:00,166.73
2019-01-31 15:10:00,166.4199
2019-01-31 15:15:00,166.5763
2019-01-31 15:20:00,166.425
2019-01-31 15:25:00,166.59
2019-01-31 15:30:00,166.84
2019-01-31 15:35:00,166.87
2019-01-31 15:40:00,166.74
2019-01-31 15:45:00,166.59
2019-01-31 15:50:00,166.49
2019-01-31 15:55:00,166.41
2019-01-31 16:00:00,166.75
2019-02-01 09:35:00,167.0
2019-02-01 09:40:00,167.19
2019-02-01 09:45:00,167.41
2019-02-01 09:50:00,167.85
2019-02-01 09:55:00,166.97
2019-02-01 10:00:00,167.53
2019-02-01 10:05:00,167.1
2019-02-01 10:10:00,167.88
2019-02-01 10:15:00,168.16
2019-02-01 10:20:00,168.3804
2019-02-01 10:25:00,168.53
2019-02-01 10:30:00,168.94
2019-02-01 10:35:00,168.59
2019-02-01 10:40:00,168.51
2019-02-01 10:45:00,168.6
2019-02-01 10:50:00,168.6
2019-02-01 10:55:00,168.39
2019-02-01 11:00:00,168.1
2019-02-01 11:05:00,168.0029
2019-02-01 11:10:00,168.09
2019-02-01 11:15:00,168.18
2019-02-01 11:20:00,168.03
2019-02-01 11:25:00,167.75
2019-02-01 11:30:00,167.61
2019-02-01 11:35:00,167.64
2019-02-01 11:40:00,167.79
2019-02-01 11:45:00,167.76
2019-02-01 11:50:00,167.9501
2019-02-01 11:55:00,167.79
2019-02-01 12:00:00,167.92
2019-02-01 12:05:00,167.88
2019-02-01 12:10:00,167.6833
2019-02-01 12:15:00,167.51
2019-02-01 12:20:00,167.4
2019-02-01 12:25:00,167.32
2019-02-01 12:30:00,167.02
2019-02-01 12:35:00,167.16
2019-02-01 12:40:00,167.42
2019-02-01 12:45:00,167.1
2019-02-01 12:50:00,167.13
2019-02-01 12:55:00,167.268
2019-02-01 13:00:00,167.1
2019-02-01 13:05:00,167.1698
2019-02-01 13:10:00,167.1
2019-02-01 13:15:00,167.165
2019-02-01 13:20:00,167.05
2019-02-01 13:25:00,166.66
2019-02-01 13:30:00,166.53
2019-02-01 13:35:00,166.71
2019-02-01 13:40:00,166.82
2019-02-01 13:45:00,166.82
2019-02-01 13:50:00,166.7809
2019-02-01 13:55:00,166.8562
2019-02-01 14:05:00,167.0291
2019-02-01 14:10:00,166.57
2019-02-01 14:15:00,166.46
2019-02-01 14:20:00,166.4599
2019-02-01 14:25:00,166.21
2019-02-01 14:30:00,166.1673
2019-02-01 14:35:00,166.15
2019-02-01 14:40:00,166.2
2019-02-01 14:45:00,166.11
2019-02-01 14:50:00,166.17
2019-02-01 14:55:00,166.06
2019-02-01 15:00:00,166.02
2019-02-01 15:05:00,166.14
2019-02-01 15:10:00,166.18
2019-02-01 15:15:00,166.09
2019-02-01 15:20:00,166.205
2019-02-01 15:25:00,166.3
2019-02-01 15:30:00,166.36
2019-02-01 15:35:00,166.395
2019-02-01 15:40:00,166.41
2019-02-01 15:45:00,166.58
2019-02-01 15:50:00,166.62
2019-02-01 15:55:00,166.41
2019-02-01 16:00:00,166.41
2019-02-04 09:35:00,167.900025
2019-02-04 09:40:00,168.37
2019-02-04 09:45:00,168.29
2019-02-04 09:50:00,168.7875
2019-02-04 09:55:00,169.20499999999996
2019-02-04 10:00:00,169.5075
2019-02-04 10:05:00,169.6275
2019-02-04 10:10:00,169.84494999999995
2019-02-04 10:15:00,170.2425
2019-02-04 10:20:00,170.31579999999997
2019-02-04 10:25:00,170.064875
2019-02-04 10:30:00,169.92000000000004
2019-02-04 10:35:00,170.159925
2019-02-04 10:40:00,170.2375
2019-02-04 10:45:00,170.1875
2019-02-04 10:50:00,170.2975
2019-02-04 10:55:00,170.54275
2019-02-04 11:00:00,170.378075
2019-02-04 11:05:00,170.403875
2019-02-04 11:10:00,170.533625
2019-02-04 11:15:00,170.6162
2019-02-04 11:20:00,170.76100000000002
2019-02-04 11:25:00,170.7482
2019-02-04 11:30:00,170.71249999999995
2019-02-04 11:35:00,170.84072500000005
2019-02-04 11:40:00,170.85500000000005
2019-02-04 11:45:00,170.7658
2019-02-04 11:50:00,170.88252500000004
2019-02-04 11:55:00,171.104625
2019-02-04 12:00:00,171.09749999999997
2019-02-04 12:05:00,171.05
2019-02-04 12:10:00,171.115
2019-02-04 12:15:00,171.06942500000005
2019-02-04 12:20:00,170.90335
2019-02-04 12:25:00,170.73250000000004
2019-02-04 12:30:00,170.71257500000004
2019-02-04 12:35:00,170.67499999999995
2019-02-04 12:40:00,170.7275
2019-02-04 12:45:00,170.8225
2019-02-04 12:50:00,170.847475
2019-02-04 12:55:00,170.84245
2019-02-04 13:00:00,170.86415
2019-02-04 13:05:00,170.926075
2019-02-04 13:10:00,170.9799
2019-02-04 13:15:00,171.02747499999995
2019-02-04 13:20:00,171.04625
2019-02-04 13:25:00,170.96724999999995
2019-02-04 13:30:00,170.87310000000005
2019-02-04 13:35:00,170.95
2019-02-04 13:40:00,171.15125
2019-02-04 13:45:00,171.285
2019-02-04 13:55:00,171.4805
2019-02-04 14:00:00,171.403975
2019-02-04 14:05:00,171.5092
2019-02-04 14:10:00,171.598725
2019-02-04 14:15:00,171.54
2019-02-04 14:20:00,171.49749999999997
2019-02-04 14:25:00,171.33887499999997
2019-02-04 14:30:00,171.294775
2019-02-04 14:35:00,171.1787
2019-02-04 14:40:00,171.20520000000005
2019-02-04 14:45:00,171.137525
2019-02-04 14:50:00,171.09634999999997
2019-02-04 14:55:00,171.16250000000005
2019-02-04 15:00:00,171.30375
2019-02-04 15:05:00,171.16750000000005
2019-02-04 15:10:00,171.17875
2019-02-04 15:15:00,171.23152499999995
2019-02-04 15:20:00,171.16
2019-02-04 15:25:00,171.179825
2019-02-04 15:30:00,171.12214999999995
2019-02-04 15:35:00,170.9996
2019-02-04 15:40:00,170.89374999999995
2019-02-04 15:45:00,170.93845
2019-02-04 15:50:00,170.8675
2019-02-04 15:55:00,170.88125
2019-02-04 16:00:00,171.095
2019-02-05 09:35:00,173.265
2019-02-05 09:40:00,173.86249999999995
2019-02-05 09:45:00,173.99375
2019-02-05 09:50:00,174.224975
2019-02-05 09:55:00,174.20499999999996
2019-02-05 10:00:00,174.22695
2019-02-05 10:05:00,174.1245
2019-02-05 10:10:00,174.08315000000005
2019-02-05 10:15:00,173.92374999999996
2019-02-05 10:20:00,173.91
2019-02-05 10:25:00,173.85604999999995
2019-02-05 10:30:00,173.735
2019-02-05 10:35:00,173.966225
2019-02-05 10:40:00,174.1857
2019-02-05 10:45:00,174.509075
2019-02-05 10:50:00,174.77625
2019-02-05 10:55:00,174.819475
2019-02-05 11:00:00,174.865625
2019-02-05 11:05:00,174.8925
2019-02-05 11:10:00,174.8323
2019-02-05 11:15:00,174.59747499999997
2019-02-05 11:20:00,174.60500000000005
2019-02-05 11:25:00,174.6137
2019-02-05 11:30:00,174.441425
2019-02-05 11:35:00,174.246725
2019-02-05 11:40:00,174.165
2019-02-05 11:45:00,174.35675
2019-02-05 11:50:00,174.32465
2019-02-05 11:55:00,174.275
2019-02-05 12:00:00,174.4025
2019-02-05 12:05:00,174.28500000000003
2019-02-05 12:10:00,174.07757500000002
2019-02-05 12:15:00,174.050025
2019-02-05 12:20:00,174.115
2019-02-05 12:25:00,173.944975
2019-02-05 12:30:00,173.908575
2019-02-05 12:35:00,173.756725
2019-02-05 12:40:00,173.72000000000003
2019-02-05 12:45:00,173.90315
2019-02-05 12:50:00,173.755
2019-02-05 12:55:00,173.476025
2019-02-05 13:00:00,173.229325
2019-02-05 13:05:00,173.16247499999997
2019-02-05 13:10:00,173.01250000000005
2019-02-05 13:15:00,172.94639999999995
2019-02-05 13:20:00,172.86
2019-02-05 13:25:00,172.95
2019-02-05 13:30:00,173.17695
2019-02-05 13:35:00,173.3675
2019-02-05 13:40:00,173.53625
2019-02-05 13:45:00,173.571725
2019-02-05 13:50:00,173.60752499999995
2019-02-05 14:00:00,173.7225
2019-02-05 14:05:00,173.9025
2019-02-05 14:10:00,174.1875
2019-02-05 14:15:00,174.295975
2019-02-05 14:20:00,174.3155
2019-02-05 14:25:00,174.29649999999995
2019-02-05 14:30:00,174.16125
2019-02-05 14:35:00,174.1163
2019-02-05 14:40:00,174.05749999999995
2019-02-05 14:50:00,173.995
2019-02-05 14:55:00,174.13000000000005
2019-02-05 15:00:00,174.24125
2019-02-05 15:05:00,174.14749999999995
2019-02-05 15:10:00,174.13805000000005
2019-02-05 15:15:00,174.1402
2019-02-05 15:20:00,174.23375
2019-02-05 15:25:00,174.3595
2019-02-05 15:30:00,174.3725
2019-02-05 15:35:00,174.389975
2019-02-05 15:40:00,174.25627500000004
2019-02-05 15:45:00,174.139975
2019-02-05 15:50:00,173.9825
2019-02-05 15:55:00,173.953775
2019-02-05 16:00:00,174.10250000000005
2019-02-06 09:35:00,174.8725
2019-02-06 09:40:00,174.528775
2019-02-06 09:45:00,174.12
2019-02-06 09:50:00,174.34625
2019-02-06 09:55:00,174.19000000000003
2019-02-06 10:00:00,173.839375
2019-02-06 10:05:00,173.4897
2019-02-06 10:10:00,173.450175
2019-02-06 10:15:00,173.14749999999995
2019-02-06 10:20:00,173.11282500000004
2019-02-06 10:25:00,173.21460000000005
2019-02-06 10:30:00,173.3625
2019-02-06 10:35:00,173.71625
2019-02-06 10:40:00,173.94475
2019-02-06 10:45:00,174.075
2019-02-06 10:50:00,174.207375
2019-02-06 10:55:00,174.34500000000003
2019-02-06 11:00:00,174.35685
2019-02-06 11:05:00,174.24875
2019-02-06 11:10:00,174.50315
2019-02-06 11:15:00,174.63125
2019-02-06 11:20:00,174.57
2019-02-06 11:25:00,174.65255
2019-02-06 11:30:00,174.76260000000005
2019-02-06 11:35:00,175.30087500000005
2019-02-06 11:40:00,175.3132
2019-02-06 11:45:00,175.3625
2019-02-06 11:50:00,175.07999999999996
2019-02-06 11:55:00,174.93125000000003
2019-02-06 12:00:00,174.8831
2019-02-06 12:05:00,174.79500000000004
2019-02-06 12:10:00,174.62125
2019-02-06 12:15:00,174.3854
2019-02-06 12:20:00,174.29
2019-02-06 12:25:00,174.3025
2019-02-06 12:30:00,174.34337499999995
2019-02-06 12:35:00,174.3025
2019-02-06 12:40:00,174.33249999999995
2019-02-06 12:45:00,174.484625
2019-02-06 12:50:00,174.135
2019-02-06 12:55:00,173.874975
2019-02-06 13:00:00,173.8675
2019-02-06 13:05:00,173.97254999999996
2019-02-06 13:10:00,173.871125
2019-02-06 13:15:00,174.07625000000004
2019-02-06 13:20:00,174.3125
2019-02-06 13:25:00,174.182175
2019-02-06 13:30:00,174.11999999999995
2019-02-06 13:35:00,174.1975
2019-02-06 13:45:00,174.37124999999997
2019-02-06 13:50:00,174.331125
2019-02-06 13:55:00,174.243225
2019-02-06 14:00:00,174.19852500000005
2019-02-06 14:05:00,174.09505
2019-02-06 14:10:00,174.01399999999995
2019-02-06 14:15:00,173.95190000000005
2019-02-06 14:20:00,173.92499999999995
2019-02-06 14:25:00,173.9475
2019-02-06 14:30:00,173.99745
2019-02-06 14:35:00,174.01102500000005
2019-02-06 14:40:00,173.799575
2019-02-06 14:45:00,173.80999999999997
2019-02-06 14:50:00,173.9522
2019-02-06 14:55:00,174.000875
2019-02-06 15:00:00,174.11829999999995
2019-02-06 15:05:00,174.235
2019-02-06 15:10:00,174.26025
2019-02-06 15:15:00,174.22972500000003
2019-02-06 15:20:00,174.18837499999995
2019-02-06 15:25:00,174.23579999999995
2019-02-06 15:30:00,174.224375
2019-02-06 15:35:00,174.238125
2019-02-06 15:40:00,174.21499999999997
2019-02-06 15:45:00,174.207375
2019-02-06 15:50:00,174.14
2019-02-06 15:55:00,174.13500000000005
2019-02-06 16:00:00,174.129975
2019-02-07 09:35:00,172.2925
2019-02-07 09:40:00,172.431575
2019-02-07 09:45:00,172.29000000000005
2019-02-07 09:50:00,172.27825
2019-02-07 09:55:00,172.39442499999996
2019-02-07 10:00:00,172.89625
2019-02-07 10:05:00,172.9425
2019-02-07 10:10:00,172.97672500000004
2019-02-07 10:15:00,173.277675
2019-02-07 10:20:00,173.26749999999996
2019-02-07 10:25:00,173.35500000000005
2019-02-07 10:30:00,173.66625
2019-02-07 10:35:00,173.70187500000003
2019-02-07 10:40:00,173.6025
2019-02-07 10:45:00,173.52375
2019-02-07 10:50:00,173.2075
2019-02-07 10:55:00,172.79895000000005
2019-02-07 11:00:00,172.67624999999995
2019-02-07 11:05:00,172.619025
2019-02-07 11:10:00,172.59969999999996
2019-02-07 11:15:00,172.33750000000003
2019-02-07 11:20:00,172.14999999999995
2019-02-07 11:25:00,172.1125
2019-02-07 11:30:00,171.957225
2019-02-07 11:35:00,171.442425
2019-02-07 11:40:00,171.4676
2019-02-07 11:45:00,171.5975
2019-02-07 11:50:00,171.51105
2019-02-07 11:55:00,171.39
2019-02-07 12:00:00,171.315175
2019-02-07 12:05:00,171.05145
2019-02-07 12:10:00,171.1725
2019-02-07 12:15:00,171.364825
2019-02-07 12:20:00,171.36249999999995
2019-02-07 12:25:00,171.5016
2019-02-07 12:30:00,171.52835
2019-02-07 12:35:00,171.5575
2019-02-07 12:40:00,171.4875
2019-02-07 12:45:00,171.10250000000005
2019-02-07 12:50:00,170.95749999999995
2019-02-07 12:55:00,170.75625
2019-02-07 13:00:00,170.60500000000005
2019-02-07 13:05:00,170.83249999999995
2019-02-07 13:10:00,171.11625
2019-02-07 13:15:00,171.08974999999995
2019-02-07 13:20:00,170.805
2019-02-07 13:25:00,170.7925
2019-02-07 13:30:00,170.89499999999995
2019-02-07 13:35:00,171.041125
2019-02-07 13:40:00,171.1033
2019-02-07 13:50:00,170.94099999999997
2019-02-07 13:55:00,171.00362500000003
2019-02-07 14:00:00,171.030025
2019-02-07 14:05:00,171.111425
2019-02-07 14:10:00,171.15365
2019-02-07 14:15:00,171.02030000000005
2019-02-07 14:20:00,170.8575
2019-02-07 14:25:00,170.88119999999995
2019-02-07 14:30:00,170.97275000000005
2019-02-07 14:35:00,171.18
2019-02-07 14:40:00,171.207
2019-02-07 14:45:00,171.06655
2019-02-07 14:50:00,171.04500000000004
2019-02-07 14:55:00,171.01
2019-02-07 15:00:00,171.019775
2019-02-07 15:05:00,171.005
2019-02-07 15:10:00,170.84
2019-02-07 15:15:00,170.81640000000004
2019-02-07 15:20:00,170.84750000000003
2019-02-07 15:25:00,170.815025
2019-02-07 15:30:00,170.696625
2019-02-07 15:35:00,170.61999999999995
2019-02-07 15:40:00,170.5925
2019-02-07 15:45:00,170.77605
2019-02-07 15:50:00,170.7575
2019-02-07 15:55:00,170.685
2019-02-07 16:00:00,170.815
2019-02-08 09:35:00,168.95475
2019-02-08 09:40:00,169.25250000000003
2019-02-08 09:45:00,169.057475
2019-02-08 09:50:00,169.1575
2019-02-08 09:55:00,169.281825
2019-02-08 10:00:00,169.19127500000005
2019-02-08 10:05:00,169.135
2019-02-08 10:10:00,169.47865000000004
2019-02-08 10:15:00,169.635
2019-02-08 10:20:00,169.60500000000005
2019-02-08 10:25:00,169.765
2019-02-08 10:30:00,169.7975
2019-02-08 10:35:00,169.57935
2019-02-08 10:40:00,169.94495
2019-02-08 10:45:00,170.197075
2019-02-08 10:50:00,169.89499999999995
2019-02-08 10:55:00,169.61499999999995
2019-02-08 11:00:00,169.57999999999996
2019-02-08 11:05:00,169.45749999999995
2019-02-08 11:10:00,169.41249999999997
2019-02-08 11:15:00,169.4575
2019-02-08 11:20:00,169.58795
2019-02-08 11:25:00,169.628175
2019-02-08 11:30:00,169.58249999999995
2019-02-08 11:35:00,169.397925
2019-02-08 11:40:00,169.29
2019-02-08 11:45:00,169.268075
2019-02-08 11:50:00,169.27499999999995
2019-02-08 11:55:00,169.52214999999995
2019-02-08 12:00:00,169.728975
2019-02-08 12:05:00,169.73747500000005
2019-02-08 12:10:00,169.510225
2019-02-08 12:15:00,169.40499999999997
2019-02-08 12:20:00,169.55375
2019-02-08 12:25:00,169.62
2019-02-08 12:30:00,169.599375
2019-02-08 12:35:00,169.70499999999996
2019-02-08 12:40:00,169.7027
2019-02-08 12:45:00,169.77575
2019-02-08 12:50:00,169.88375
2019-02-08 12:55:00,169.96002499999997
2019-02-08 13:00:00,169.8836
2019-02-08 13:05:00,169.89375
2019-02-08 13:10:00,169.9325
2019-02-08 13:15:00,170.0175
2019-02-08 13:20:00,170.0125
2019-02-08 13:25:00,169.91352500000005
2019-02-08 13:30:00,169.9025
2019-02-08 13:35:00,169.9253
2019-02-08 13:45:00,169.8884
2019-02-08 13:50:00,169.96249999999995
2019-02-08 13:55:00,169.973525
2019-02-08 14:00:00,170.1569
2019-02-08 14:05:00,170.189975
2019-02-08 14:10:00,170.164175
2019-02-08 14:15:00,170.36985
2019-02-08 14:20:00,170.4502
2019-02-08 14:25:00,170.426875
2019-02-08 14:30:00,170.42499999999995
2019-02-08 14:35:00,170.5575
2019-02-08 14:40:00,170.505
2019-02-08 14:45:00,170.509975
2019-02-08 14:50:00,170.56
2019-02-08 14:55:00,170.495
2019-02-08 15:00:00,170.44625
2019-02-08 15:05:00,170.37
2019-02-08 15:10:00,170.245
2019-02-08 15:15:00,170.365
2019-02-08 15:20:00,170.435025
2019-02-08 15:25:00,170.4434
2019-02-08 15:30:00,170.31175
2019-02-08 15:35:00,170.1625
2019-02-08 15:40:00,170.195025
2019-02-08 15:45:00,170.09249999999997
2019-02-08 15:50:00,169.998275
2019-02-08 15:55:00,169.96325000000004
2019-02-08 16:00:00,170.20000000000005
2019-02-11 09:35:00,170.7975
2019-02-11 09:40:00,170.6775
2019-02-11 09:45:00,169.995
2019-02-11 09:50:00,169.67374999999996
2019-02-11 09:55:00,169.8125
2019-02-11 10:00:00,170.0675
2019-02-11 10:05:00,170.25885
2019-02-11 10:10:00,170.3675
2019-02-11 10:15:00,170.37585
2019-02-11 10:20:00,170.45499999999996
2019-02-11 10:25:00,170.413975
2019-02-11 10:30:00,170.35447499999995
2019-02-11 10:35:00,170.37275
2019-02-11 10:40:00,170.457525
2019-02-11 10:45:00,170.3975
2019-02-11 10:50:00,170.365
2019-02-11 10:55:00,170.245
2019-02-11 11:00:00,170.13375
2019-02-11 11:05:00,170.01125
2019-02-11 11:10:00,169.725
2019-02-11 11:15:00,169.5475
2019-02-11 11:20:00,169.757475
2019-02-11 11:25:00,169.8125
2019-02-11 11:30:00,169.73125
2019-02-11 11:35:00,169.67624999999995
2019-02-11 11:40:00,169.6525
2019-02-11 11:45:00,169.597575
2019-02-11 11:50:00,169.67875
2019-02-11 11:55:00,169.63367499999995
2019-02-11 12:00:00,169.73250000000004
2019-02-11 12:05:00,169.82
2019-02-11 12:10:00,170.020175
2019-02-11 12:15:00,170.100975
2019-02-11 12:20:00,170.176375
2019-02-11 12:25:00,170.283625
2019-02-11 12:30:00,170.44315
2019-02-11 12:35:00,170.496675
2019-02-11 12:40:00,170.49375
2019-02-11 12:45:00,170.6027
2019-02-11 12:50:00,170.55085
2019-02-11 12:55:00,170.48
2019-02-11 13:00:00,170.4625
2019-02-11 13:05:00,170.438325
2019-02-11 13:10:00,170.36375
2019-02-11 13:15:00,170.235
2019-02-11 13:25:00,170.00375000000003
2019-02-11 13:30:00,169.88655
2019-02-11 13:35:00,169.85500000000005
2019-02-11 13:40:00,169.86172499999995
2019-02-11 13:45:00,169.925
2019-02-11 13:50:00,169.70999999999995
2019-02-11 13:55:00,169.77875
2019-02-11 14:00:00,169.85305
2019-02-11 14:05:00,169.8675
2019-02-11 14:10:00,169.875
2019-02-11 14:15:00,169.93125
2019-02-11 14:20:00,169.9125
2019-02-11 14:25:00,169.85495
2019-02-11 14:30:00,169.7975
2019-02-11 14:35:00,169.87025
2019-02-11 14:40:00,169.81625
2019-02-11 14:45:00,169.927525
2019-02-11 14:50:00,169.78375
2019-02-11 14:55:00,169.60085
2019-02-11 15:00:00,169.53125
2019-02-11 15:05:00,169.64249999999996
2019-02-11 15:10:00,169.78750000000005
2019-02-11 15:15:00,169.82125000000005
2019-02-11 15:20:00,169.82500000000005
2019-02-11 15:25:00,169.78
2019-02-11 15:30:00,169.730625
2019-02-11 15:35:00,169.44875000000005
2019-02-11 15:40:00,169.40625
2019-02-11 15:45:00,169.54125
2019-02-11 15:50:00,169.51375000000004
2019-02-11 15:55:00,169.54
2019-02-11 16:00:00,169.48250000000004
2019-02-12 09:35:00,170.1125
2019-02-12 09:40:00,170.31074999999996
2019-02-12 09:45:00,170.315925
2019-02-12 09:50:00,170.599425
2019-02-12 09:55:00,170.64499999999995
2019-02-12 10:00:00,170.33875
2019-02-12 10:05:00,170.284025
2019-02-12 10:10:00,170.47375
2019-02-12 10:15:00,170.29462500000002
2019-02-12 10:20:00,170.19875000000005
2019-02-12 10:25:00,170.143125
2019-02-12 10:30:00,169.9125
2019-02-12 10:35:00,169.9375
2019-02-12 10:40:00,170.030475
2019-02-12 10:45:00,169.987975
2019-02-12 10:50:00,169.9775
2019-02-12 10:55:00,170.0575
2019-02-12 11:00:00,170.29735
2019-02-12 11:05:00,170.4
2019-02-12 11:10:00,170.26825
2019-02-12 11:15:00,170.275
2019-02-12 11:20:00,170.20372500000005
2019-02-12 11:25:00,169.95225000000005
2019-02-12 11:30:00,169.921525
2019-02-12 11:35:00,170.065
2019-02-12 11:40:00,169.9625
2019-02-12 11:45:00,169.9225
2019-02-12 11:50:00,169.9375
2019-02-12 11:55:00,170.0225
2019-02-12 12:00:00,169.945
2019-02-12 12:05:00,169.89
2019-02-12 12:10:00,169.8725
2019-02-12 12:15:00,169.88475
2019-02-12 12:20:00,169.860475
2019-02-12 12:25:00,169.87499999999997
2019-02-12 12:30:00,169.92499999999995
2019-02-12 12:35:00,170.003875
2019-02-12 12:40:00,170.18725
2019-02-12 12:45:00,170.1525
2019-02-12 12:50:00,169.946325
2019-02-12 12:55:00,169.98000000000005
2019-02-12 13:00:00,169.975
2019-02-12 13:05:00,169.9875
2019-02-12 13:10:00,170.0575
2019-02-12 13:15:00,170.154275
2019-02-12 13:20:00,170.16355
2019-02-12 13:30:00,170.29604999999995
2019-02-12 13:35:00,170.32925
2019-02-12 13:40:00,170.38375
2019-02-12 13:45:00,170.381025
2019-02-12 13:50:00,170.4063
2019-02-12 13:55:00,170.52125
2019-02-12 14:00:00,170.534875
2019-02-12 14:05:00,170.41039999999995
2019-02-12 14:10:00,170.30874999999997
2019-02-12 14:15:00,170.35750000000004
2019-02-12 14:20:00,170.42000000000004
2019-02-12 14:25:00,170.51250000000005
2019-02-12 14:30:00,170.48375
2019-02-12 14:35:00,170.4125
2019-02-12 14:40:00,170.49532499999995
2019-02-12 14:45:00,170.505
2019-02-12 14:50:00,170.59500000000003
2019-02-12 14:55:00,170.56125
2019-02-12 15:00:00,170.49880000000005
2019-02-12 15:05:00,170.52375
2019-02-12 15:10:00,170.613975
2019-02-12 15:15:00,170.6525
2019-02-12 15:20:00,170.67825
2019-02-12 15:25:00,170.786375
2019-02-12 15:30:00,170.94115
2019-02-12 15:35:00,170.92274999999995
2019-02-12 15:40:00,170.8118
2019-02-12 15:45:00,170.805
2019-02-12 15:50:00,170.700025
2019-02-12 15:55:00,170.711575
2019-02-12 16:00:00,170.81499999999997
2019-02-13 09:35:00,171.57500000000005
2019-02-13 09:40:00,171.989175
2019-02-13 09:45:00,172.11
2019-02-13 09:50:00,171.856375
2019-02-13 09:55:00,171.77375
2019-02-13 10:00:00,171.6488
2019-02-13 10:05:00,171.56125
2019-02-13 10:10:00,171.53
2019-02-13 10:15:00,171.362525
2019-02-13 10:20:00,171.244275
2019-02-13 10:25:00,171.44545
2019-02-13 10:30:00,171.49249999999995
2019-02-13 10:35:00,171.43495
2019-02-13 10:40:00,171.525
2019-02-13 10:45:00,171.65720000000005
2019-02-13 10:50:00,171.71085000000005
2019-02-13 10:55:00,171.588775
2019-02-13 11:00:00,171.485
2019-02-13 11:05:00,171.6025
2019-02-13 11:10:00,171.52625
2019-02-13 11:15:00,171.365
2019-02-13 11:20:00,171.235025
2019-02-13 11:25:00,171.11125
2019-02-13 11:30:00,171.01870000000005
2019-02-13 11:35:00,170.832
2019-02-13 11:40:00,170.765
2019-02-13 11:45:00,170.732525
2019-02-13 11:50:00,170.67375
2019-02-13 11:55:00,170.75
2019-02-13 12:00:00,170.88625000000005
2019-02-13 12:05:00,170.995
2019-02-13 12:10:00,170.9975
2019-02-13 12:15:00,170.91854999999995
2019-02-13 12:20:00,170.872075
2019-02-13 12:25:00,170.7475
2019-02-13 12:30:00,170.765
2019-02-13 12:35:00,170.825
2019-02-13 12:40:00,170.77907499999995
2019-02-13 12:45:00,170.74550000000005
2019-02-13 12:50:00,170.7525
2019-02-13 12:55:00,170.58
2019-02-13 13:00:00,170.575
2019-02-13 13:10:00,170.8219
2019-02-13 13:15:00,170.83
2019-02-13 13:20:00,170.8175
2019-02-13 13:25:00,170.90657500000003
2019-02-13 13:30:00,170.885
2019-02-13 13:35:00,170.84
2019-02-13 13:40:00,170.90014999999997
2019-02-13 13:45:00,170.90625
2019-02-13 13:50:00,170.8857
2019-02-13 13:55:00,170.88512500000004
2019-02-13 14:00:00,170.8075
2019-02-13 14:05:00,170.7575
2019-02-13 14:10:00,170.78005
2019-02-13 14:15:00,170.7875
2019-02-13 14:20:00,170.75914999999995
2019-02-13 14:25:00,170.73874999999995
2019-02-13 14:30:00,170.69125000000003
2019-02-13 14:35:00,170.67749999999995
2019-02-13 14:40:00,170.60625
2019-02-13 14:45:00,170.8055
2019-02-13 14:50:00,171.04455000000004
2019-02-13 14:55:00,171.02925
2019-02-13 15:00:00,170.9425
2019-02-13 15:05:00,170.8675
2019-02-13 15:10:00,170.7525
2019-02-13 15:15:00,170.7934
2019-02-13 15:20:00,170.74002499999997
2019-02-13 15:25:00,170.74
2019-02-13 15:30:00,170.816825
2019-02-13 15:35:00,170.8775
2019-02-13 15:40:00,170.81
2019-02-13 15:45:00,170.66250000000005
2019-02-13 15:50:00,170.224575
2019-02-13 15:55:00,170.02375
2019-02-13 16:00:00,170.1175
2019-02-14 09:35:00,169.89749999999995
2019-02-14 09:40:00,170.3295
2019-02-14 09:45:00,170.28375
2019-02-14 09:50:00,170.067425
2019-02-14 09:55:00,170.3475
2019-02-14 10:00:00,170.579
2019-02-14 10:05:00,170.71499999999997
2019-02-14 10:10:00,170.8
2019-02-14 10:15:00,170.83374999999995
2019-02-14 10:20:00,171.12040000000005
2019-02-14 10:25:00,171.14499999999995
2019-02-14 10:30:00,171.085
2019-02-14 10:35:00,170.91750000000005
2019-02-14 10:40:00,170.422525
2019-02-14 10:45:00,170.294975
2019-02-14 10:50:00,170.495
2019-02-14 10:55:00,170.685
2019-02-14 11:00:00,170.56807500000005
2019-02-14 11:05:00,170.45999999999995
2019-02-14 11:10:00,170.3275
2019-02-14 11:15:00,170.305
2019-02-14 11:20:00,170.24374999999995
2019-02-14 11:25:00,170.2217
2019-02-14 11:30:00,170.2551
2019-02-14 11:35:00,170.1175
2019-02-14 11:40:00,170.04149999999996
2019-02-14 11:45:00,170.29192500000005
2019-02-14 11:50:00,170.527525
2019-02-14 11:55:00,170.5725
2019-02-14 12:00:00,170.65202499999995
2019-02-14 12:05:00,170.61665
2019-02-14 12:10:00,170.7625
2019-02-14 12:15:00,170.78845
2019-02-14 12:20:00,170.88625000000005
2019-02-14 12:25:00,171.0525
2019-02-14 12:30:00,171.015
2019-02-14 12:35:00,170.91375
2019-02-14 12:40:00,171.0
2019-02-14 12:45:00,171.0475
2019-02-14 12:50:00,171.13557500000005
2019-02-14 12:55:00,171.10875
2019-02-14 13:00:00,171.011575
2019-02-14 13:10:00,171.1564
2019-02-14 13:15:00,171.13124999999997
2019-02-14 13:20:00,171.145625
2019-02-14 13:25:00,171.0609
2019-02-14 13:30:00,171.1075
2019-02-14 13:35:00,171.0875
2019-02-14 13:40:00,171.1125
2019-02-14 13:45:00,171.102475
2019-02-14 13:50:00,171.06375000000003
2019-02-14 13:55:00,171.03375
2019-02-14 14:00:00,170.9225
2019-02-14 14:05:00,170.83499999999995
2019-02-14 14:10:00,170.77
2019-02-14 14:15:00,170.92122500000005
2019-02-14 14:20:00,170.96250000000003
2019-02-14 14:25:00,170.940025
2019-02-14 14:30:00,171.07500000000005
2019-02-14 14:35:00,171.067525
2019-02-14 14:40:00,171.01250000000005
2019-02-14 14:45:00,170.97747500000003
2019-02-14 14:50:00,170.935925
2019-02-14 14:55:00,170.8638
2019-02-14 15:00:00,170.84752500000005
2019-02-14 15:05:00,170.78875
2019-02-14 15:10:00,170.785
2019-02-14 15:15:00,170.5745
2019-02-14 15:20:00,170.55124999999995
2019-02-14 15:25:00,170.5225
2019-02-14 15:30:00,170.625275
2019-02-14 15:35:00,170.7475
2019-02-14 15:40:00,170.9075
2019-02-14 15:45:00,170.8996
2019-02-14 15:50:00,170.91125
2019-02-14 15:55:00,170.98000000000005
2019-02-14 16:00:00,170.91750000000005
2019-02-15 09:35:00,171.2579
2019-02-15 09:40:00,170.97750000000005
2019-02-15 09:45:00,170.72250000000003
2019-02-15 09:50:00,170.4
2019-02-15 09:55:00,170.01749999999996
2019-02-15 10:00:00,170.21125
2019-02-15 10:05:00,170.435
2019-02-15 10:10:00,170.36375
2019-02-15 10:15:00,170.40055
2019-02-15 10:20:00,170.53125
2019-02-15 10:25:00,170.79625
2019-02-15 10:30:00,170.883675
2019-02-15 10:35:00,170.91125
2019-02-15 10:40:00,170.920425
2019-02-15 10:45:00,170.955
2019-02-15 10:50:00,170.84000000000003
2019-02-15 10:55:00,170.67125
2019-02-15 11:00:00,170.51525
2019-02-15 11:05:00,170.507275
2019-02-15 11:10:00,170.500225
2019-02-15 11:15:00,170.33775
2019-02-15 11:20:00,170.1516
2019-02-15 11:25:00,169.985
2019-02-15 11:30:00,170.10125
2019-02-15 11:35:00,170.1504
2019-02-15 11:40:00,170.12625
2019-02-15 11:45:00,170.05775
2019-02-15 11:50:00,170.00855
2019-02-15 11:55:00,170.172425
2019-02-15 12:00:00,170.203475
2019-02-15 12:05:00,170.1
2019-02-15 12:10:00,170.08505
2019-02-15 12:15:00,170.2325
2019-02-15 12:20:00,170.26749999999996
2019-02-15 12:25:00,170.40435000000005
2019-02-15 12:30:00,170.5525
2019-02-15 12:35:00,170.4375
2019-02-15 12:40:00,170.3725
2019-02-15 12:45:00,170.4425
2019-02-15 12:50:00,170.30249999999995
2019-02-15 12:55:00,170.15
2019-02-15 13:00:00,170.0696
2019-02-15 13:10:00,170.01125
2019-02-15 13:15:00,170.02615
2019-02-15 13:20:00,170.07999999999996
2019-02-15 13:25:00,170.078775
2019-02-15 13:30:00,170.05
2019-02-15 13:35:00,170.059375
2019-02-15 13:40:00,170.033225
2019-02-15 13:45:00,170.048425
2019-02-15 13:50:00,170.042025
2019-02-15 13:55:00,170.0475
2019-02-15 14:00:00,170.02085
2019-02-15 14:05:00,170.10000000000005
2019-02-15 14:10:00,170.14275
2019-02-15 14:15:00,170.1325
2019-02-15 14:20:00,170.1775
2019-02-15 14:25:00,170.21335
2019-02-15 14:30:00,170.165
2019-02-15 14:35:00,170.1995
2019-02-15 14:40:00,170.27822500000005
2019-02-15 14:45:00,170.3325
2019-02-15 14:50:00,170.403325
2019-02-15 14:55:00,170.395
2019-02-15 15:00:00,170.380475
2019-02-15 15:05:00,170.34275000000005
2019-02-15 15:10:00,170.2233
2019-02-15 15:15:00,170.2
2019-02-15 15:20:00,170.1525
2019-02-15 15:25:00,170.195
2019-02-15 15:30:00,170.289425
2019-02-15 15:35:00,170.36
2019-02-15 15:40:00,170.39875
2019-02-15 15:45:00,170.4127
2019-02-15 15:50:00,170.2625
2019-02-15 15:55:00,169.995
2019-02-15 16:00:00,170.2175
2019-02-19 09:35:00,170.225
2019-02-19 09:40:00,170.79059999999996
2019-02-19 09:45:00,170.70735000000005
2019-02-19 09:50:00,170.542525
2019-02-19 09:55:00,170.44125
2019-02-19 10:00:00,170.23375
2019-02-19 10:05:00,170.0025
2019-02-19 10:10:00,169.7409
2019-02-19 10:15:00,169.8075
2019-02-19 10:20:00,170.035875
2019-02-19 10:25:00,170.09749999999997
2019-02-19 10:30:00,170.07885
2019-02-19 10:35:00,169.9725
2019-02-19 10:40:00,169.88150000000005
2019-02-19 10:45:00,169.9125
2019-02-19 10:50:00,170.014275
2019-02-19 10:55:00,170.088075
2019-02-19 11:00:00,170.10129999999995
2019-02-19 11:05:00,170.216975
2019-02-19 11:10:00,170.19135
2019-02-19 11:15:00,170.232525
2019-02-19 11:20:00,170.2825
2019-02-19 11:25:00,170.24775
2019-02-19 11:30:00,170.14499999999995
2019-02-19 11:35:00,170.102525
2019-02-19 11:40:00,170.19585
2019-02-19 11:45:00,170.2
2019-02-19 11:50:00,170.43987499999997
2019-02-19 11:55:00,170.644525
2019-02-19 12:00:00,170.67000000000004
2019-02-19 12:05:00,170.68307500000003
2019-02-19 12:10:00,170.623325
2019-02-19 12:15:00,170.63885000000005
2019-02-19 12:20:00,170.69
2019-02-19 12:25:00,170.65995
2019-02-19 12:30:00,170.69625000000005
2019-02-19 12:35:00,170.645
2019-02-19 12:40:00,170.615
2019-02-19 12:45:00,170.652475
2019-02-19 12:55:00,170.5634
2019-02-19 13:00:00,170.60500000000005
2019-02-19 13:05:00,170.51875
2019-02-19 13:10:00,170.403775
2019-02-19 13:15:00,170.386675
2019-02-19 13:20:00,170.37
2019-02-19 13:25:00,170.35000000000005
2019-02-19 13:30:00,170.385925
2019-02-19 13:35:00,170.431575
2019-02-19 13:40:00,170.538325
2019-02-19 13:45:00,170.59545
2019-02-19 13:50:00,170.62445
2019-02-19 13:55:00,170.59392499999996
2019-02-19 14:00:00,170.609
2019-02-19 14:05:00,170.651325
2019-02-19 14:10:00,170.69459999999995
2019-02-19 14:15:00,170.73000000000005
2019-02-19 14:20:00,170.8004
2019-02-19 14:25:00,170.854775
2019-02-19 14:30:00,170.89370000000005
2019-02-19 14:35:00,170.92942499999995
2019-02-19 14:40:00,170.945175
2019-02-19 14:45:00,171.076075
2019-02-19 14:50:00,171.10375
2019-02-19 14:55:00,171.2221
2019-02-19 15:00:00,171.359575
2019-02-19 15:05:00,171.3075
2019-02-19 15:10:00,171.29627499999995
2019-02-19 15:15:00,171.23250000000004
2019-02-19 15:20:00,171.105775
2019-02-19 15:25:00,171.065
2019-02-19 15:30:00,171.06875000000005
2019-02-19 15:35:00,171.069125
2019-02-19 15:40:00,171.11875
2019-02-19 15:45:00,171.16875000000005
2019-02-19 15:50:00,171.14
2019-02-19 15:55:00,170.99655
2019-02-19 16:00:00,170.88
2019-02-20 09:35:00,171.57375000000005
2019-02-20 09:40:00,171.6925
2019-02-20 09:45:00,171.86865
2019-02-20 09:50:00,171.8625
2019-02-20 09:55:00,172.1225
2019-02-20 10:00:00,172.04997500000005
2019-02-20 10:05:00,172.158375
2019-02-20 10:10:00,172.31875
2019-02-20 10:15:00,172.46997499999995
2019-02-20 10:20:00,172.60622499999997
2019-02-20 10:25:00,172.74249999999995
2019-02-20 10:30:00,173.01999999999995
2019-02-20 10:35:00,173.04375
2019-02-20 10:40:00,172.90000000000003
2019-02-20 10:45:00,173.03
2019-02-20 10:50:00,173.10557500000004
2019-02-20 10:55:00,172.995
2019-02-20 11:00:00,172.8062
2019-02-20 11:05:00,172.701275
2019-02-20 11:10:00,172.84495
2019-02-20 11:20:00,172.756375
2019-02-20 11:25:00,172.6625
2019-02-20 11:30:00,172.7725
2019-02-20 11:35:00,172.777575
2019-02-20 11:40:00,172.61
2019-02-20 11:45:00,172.8216
2019-02-20 11:55:00,172.8396
2019-02-20 12:00:00,172.75
2019-02-20 12:05:00,172.61125
2019-02-20 12:10:00,172.44055
2019-02-20 12:15:00,172.35752499999995
2019-02-20 12:25:00,172.30582500000003
2019-02-20 12:30:00,171.93585
2019-02-20 12:35:00,171.750025
2019-02-20 12:40:00,171.96265
2019-02-20 12:50:00,171.971025
2019-02-20 12:55:00,171.939575
2019-02-20 13:00:00,171.824975
2019-02-20 13:05:00,172.03122499999995
2019-02-20 13:10:00,172.1052
2019-02-20 13:15:00,172.17625
2019-02-20 13:20:00,172.18624999999997
2019-02-20 13:25:00,172.23375
2019-02-20 13:30:00,172.30249999999995
2019-02-20 13:35:00,172.400375
2019-02-20 13:40:00,172.341225
2019-02-20 13:45:00,172.20852499999995
2019-02-20 13:50:00,172.18874999999997
2019-02-20 13:55:00,172.25260000000003
2019-02-20 14:00:00,172.4025
2019-02-20 14:05:00,172.27285
2019-02-20 14:10:00,172.4575
2019-02-20 14:15:00,172.07500000000005
2019-02-20 14:20:00,171.81125
2019-02-20 14:25:00,171.57250000000005
2019-02-20 14:30:00,171.610775
2019-02-20 14:35:00,171.985
2019-02-20 14:40:00,172.027875
2019-02-20 14:45:00,172.03605000000005
2019-02-20 14:50:00,172.13
2019-02-20 14:55:00,172.23749999999995
2019-02-20 15:00:00,172.252525
2019-02-20 15:05:00,172.1637
2019-02-20 15:10:00,172.10625
2019-02-20 15:15:00,172.1223
2019-02-20 15:20:00,172.095
2019-02-20 15:25:00,172.161825
2019-02-20 15:30:00,172.10724999999996
2019-02-20 15:35:00,172.1783
2019-02-20 15:40:00,172.20125000000004
2019-02-20 15:45:00,172.185
2019-02-20 15:50:00,172.075
2019-02-20 15:55:00,171.91499999999996
2019-02-20 16:00:00,171.935
2019-02-21 09:35:00,171.9554
2019-02-21 09:40:00,172.009975
2019-02-21 09:45:00,171.515
2019-02-21 09:50:00,171.07700000000003
2019-02-21 09:55:00,171.05995
2019-02-21 10:00:00,171.135675
2019-02-21 10:05:00,171.185
2019-02-21 10:10:00,171.22250000000003
2019-02-21 10:15:00,171.0375
2019-02-21 10:20:00,171.0625
2019-02-21 10:25:00,171.18497499999995
2019-02-21 10:30:00,171.09625
2019-02-21 10:35:00,171.07500000000005
2019-02-21 10:40:00,171.0775
2019-02-21 10:45:00,171.17975
2019-02-21 10:50:00,171.16175
2019-02-21 10:55:00,171.0
2019-02-21 11:00:00,170.93715
2019-02-21 11:05:00,170.74577499999995
2019-02-21 11:10:00,170.96257500000004
2019-02-21 11:15:00,171.1405
2019-02-21 11:20:00,171.10864999999995
2019-02-21 11:25:00,171.0875
2019-02-21 11:30:00,170.969625
2019-02-21 11:35:00,170.908375
2019-02-21 11:40:00,171.02960000000004
2019-02-21 11:45:00,171.05625
2019-02-21 11:50:00,171.02625000000003
2019-02-21 11:55:00,171.13327500000003
2019-02-21 12:00:00,171.23000000000005
2019-02-21 12:05:00,171.4375
2019-02-21 12:10:00,171.49815
2019-02-21 12:15:00,171.435
2019-02-21 12:20:00,171.41975000000005
2019-02-21 12:25:00,171.53249999999997
2019-02-21 12:30:00,171.557475
2019-02-21 12:35:00,171.518
2019-02-21 12:40:00,171.426225
2019-02-21 12:50:00,171.51497500000005
2019-02-21 12:55:00,171.53199999999995
2019-02-21 13:00:00,171.639325
2019-02-21 13:05:00,171.605
2019-02-21 13:10:00,171.54165
2019-02-21 13:15:00,171.47877499999996
2019-02-21 13:20:00,171.498
2019-02-21 13:25:00,171.466275
2019-02-21 13:30:00,171.418
2019-02-21 13:35:00,171.37250000000003
2019-02-21 13:40:00,171.33407499999996
2019-02-21 13:45:00,171.34967500000005
2019-02-21 13:50:00,171.4103
2019-02-21 13:55:00,171.4175
2019-02-21 14:00:00,171.40675
2019-02-21 14:05:00,171.407475
2019-02-21 14:10:00,171.31400000000005
2019-02-21 14:15:00,171.274075
2019-02-21 14:20:00,171.1383
2019-02-21 14:25:00,170.9625
2019-02-21 14:30:00,170.76252499999995
2019-02-21 14:35:00,170.847725
2019-02-21 14:40:00,170.805
2019-02-21 14:45:00,170.861325
2019-02-21 14:50:00,170.69
2019-02-21 14:55:00,170.495
2019-02-21 15:00:00,170.43
2019-02-21 15:05:00,170.43875000000003
2019-02-21 15:10:00,170.57875
2019-02-21 15:15:00,170.82755
2019-02-21 15:20:00,170.71550000000005
2019-02-21 15:25:00,170.64
2019-02-21 15:30:00,170.632025
2019-02-21 15:45:00,170.65
2019-02-21 15:50:00,170.80365
2019-02-21 15:55:00,170.7795
2019-02-21 16:00:00,170.92
2019-02-22 09:35:00,171.845
2019-02-22 09:40:00,172.055
2019-02-22 09:45:00,171.980025
2019-02-22 09:50:00,171.98874999999995
2019-02-22 09:55:00,171.995
2019-02-22 10:00:00,172.1236
2019-02-22 10:05:00,172.2475
2019-02-22 10:10:00,172.25875
2019-02-22 10:15:00,172.19625
2019-02-22 10:20:00,171.9495
2019-02-22 10:25:00,171.81574999999995
2019-02-22 10:30:00,171.81537500000005
2019-02-22 10:35:00,171.936225
2019-02-22 10:40:00,171.92000000000004
2019-02-22 10:45:00,172.0284
2019-02-22 10:50:00,172.15750000000003
2019-02-22 10:55:00,172.24439999999996
2019-02-22 11:00:00,172.438275
2019-02-22 11:05:00,172.5548
2019-02-22 11:10:00,172.47055
2019-02-22 11:15:00,172.48585000000003
2019-02-22 11:20:00,172.55495
2019-02-22 11:25:00,172.58999999999997
2019-02-22 11:30:00,172.588925
2019-02-22 11:35:00,172.448325
2019-02-22 11:40:00,172.330425
2019-02-22 11:45:00,172.31875000000005
2019-02-22 11:50:00,172.2225
2019-02-22 11:55:00,172.182475
2019-02-22 12:00:00,172.1829
2019-02-22 12:05:00,172.27124999999995
2019-02-22 12:10:00,172.23765
2019-02-22 12:15:00,172.1975
2019-02-22 12:20:00,172.15130000000005
2019-02-22 12:25:00,172.1375
2019-02-22 12:30:00,172.180825
2019-02-22 12:35:00,172.226875
2019-02-22 12:40:00,172.235
2019-02-22 12:50:00,172.15285
2019-02-22 12:55:00,172.105
2019-02-22 13:00:00,172.14999999999995
2019-02-22 13:05:00,172.1732
2019-02-22 13:10:00,172.140125
2019-02-22 13:15:00,172.130075
2019-02-22 13:20:00,172.15922500000005
2019-02-22 13:25:00,172.192225
2019-02-22 13:30:00,172.2
2019-02-22 13:35:00,172.308775
2019-02-22 13:40:00,172.35
2019-02-22 13:45:00,172.375
2019-02-22 13:50:00,172.3325
2019-02-22 13:55:00,172.39249999999996
2019-02-22 14:00:00,172.40707500000005
2019-02-22 14:05:00,172.435
2019-02-22 14:10:00,172.460425
2019-02-22 14:15:00,172.51749999999996
2019-02-22 14:20:00,172.51250000000005
2019-02-22 14:25:00,172.42624999999995
2019-02-22 14:30:00,172.39749999999995
2019-02-22 14:35:00,172.47135
2019-02-22 14:40:00,172.3075
2019-02-22 14:45:00,172.0375
2019-02-22 14:50:00,171.96447500000005
2019-02-22 14:55:00,171.95999999999995
2019-02-22 15:00:00,171.94855
2019-02-22 15:05:00,172.015825
2019-02-22 15:10:00,172.07080000000005
2019-02-22 15:15:00,172.09375
2019-02-22 15:20:00,172.1725
2019-02-22 15:25:00,172.21365
2019-02-22 15:30:00,172.2901
2019-02-22 15:35:00,172.35055
2019-02-22 15:40:00,172.29500000000004
2019-02-22 15:45:00,172.38742499999995
2019-02-22 15:50:00,172.42675000000003
2019-02-22 15:55:00,172.42125
2019-02-22 16:00:00,172.73000000000005
2019-02-25 09:35:00,174.52999999999997
2019-02-25 09:40:00,174.84085000000005
2019-02-25 09:45:00,175.024625
2019-02-25 09:50:00,175.26867500000003
2019-02-25 09:55:00,175.4422
2019-02-25 10:00:00,175.36
2019-02-25 10:05:00,175.2055
2019-02-25 10:10:00,175.378075
2019-02-25 10:15:00,175.60500000000005
2019-02-25 10:20:00,175.715
2019-02-25 10:25:00,175.627625
2019-02-25 10:30:00,175.419325
2019-02-25 10:35:00,175.2933
2019-02-25 10:40:00,175.27500000000003
2019-02-25 10:45:00,175.3063
2019-02-25 10:50:00,175.209775
2019-02-25 10:55:00,175.16525
2019-02-25 11:00:00,175.3375
2019-02-25 11:05:00,175.4675
2019-02-25 11:10:00,175.527525
2019-02-25 11:15:00,175.456325
2019-02-25 11:20:00,175.39125
2019-02-25 11:25:00,175.296875
2019-02-25 11:30:00,175.17960000000005
2019-02-25 11:35:00,175.26975
2019-02-25 11:40:00,175.247475
2019-02-25 11:45:00,175.20565
2019-02-25 11:50:00,175.34695
2019-02-25 11:55:00,175.39
2019-02-25 12:00:00,175.36
2019-02-25 12:05:00,175.345425
2019-02-25 12:10:00,175.273125
2019-02-25 12:15:00,175.17499999999995
2019-02-25 12:20:00,175.17499999999995
2019-02-25 12:25:00,174.975175
2019-02-25 12:35:00,174.87
2019-02-25 12:40:00,174.84269999999995
2019-02-25 12:45:00,174.8025
2019-02-25 12:50:00,174.79250000000005
2019-02-25 12:55:00,174.65417499999995
2019-02-25 13:00:00,174.3725
2019-02-25 13:05:00,174.46745
2019-02-25 13:10:00,174.54
2019-02-25 13:15:00,174.460125
2019-02-25 13:20:00,174.42345
2019-02-25 13:25:00,174.32915
2019-02-25 13:30:00,174.3175
2019-02-25 13:35:00,174.156225
2019-02-25 13:40:00,174.13375
2019-02-25 13:45:00,174.2175
2019-02-25 13:50:00,174.22875
2019-02-25 13:55:00,174.282925
2019-02-25 14:00:00,174.42125
2019-02-25 14:05:00,174.52875
2019-02-25 14:10:00,174.665025
2019-02-25 14:15:00,174.66750000000005
2019-02-25 14:20:00,174.7425
2019-02-25 14:25:00,174.74875
2019-02-25 14:30:00,174.7675
2019-02-25 14:35:00,174.72005
2019-02-25 14:40:00,174.72744999999995
2019-02-25 14:45:00,174.79005
2019-02-25 14:50:00,174.79395
2019-02-25 14:55:00,174.7335
2019-02-25 15:00:00,174.701525
2019-02-25 15:05:00,174.71312500000005
2019-02-25 15:10:00,174.62
2019-02-25 15:15:00,174.63689999999997
2019-02-25 15:20:00,174.741125
2019-02-25 15:25:00,174.68245000000005
2019-02-25 15:30:00,174.52895
2019-02-25 15:35:00,174.55499999999995
2019-02-25 15:40:00,174.60375
2019-02-25 15:45:00,174.608225
2019-02-25 15:50:00,174.53125
2019-02-25 15:55:00,174.39375
2019-02-25 16:00:00,174.30875
2019-02-26 09:35:00,173.640775
2019-02-26 09:40:00,174.0406
2019-02-26 09:45:00,174.61999999999995
2019-02-26 09:50:00,174.66400000000004
2019-02-26 09:55:00,174.76050000000004
2019-02-26 10:00:00,174.88522500000005
2019-02-26 10:05:00,175.0125
2019-02-26 10:10:00,175.03775000000005
2019-02-26 10:15:00,174.92787499999997
2019-02-26 10:20:00,174.72750000000005
2019-02-26 10:25:00,174.658725
2019-02-26 10:30:00,174.657275
2019-02-26 10:35:00,174.4425
2019-02-26 10:40:00,174.3075
2019-02-26 10:45:00,174.374975
2019-02-26 10:50:00,174.35185
2019-02-26 10:55:00,174.18015000000003
2019-02-26 11:00:00,173.97375
2019-02-26 11:05:00,173.90105
2019-02-26 11:10:00,174.16000000000003
2019-02-26 11:15:00,174.29945
2019-02-26 11:20:00,174.48845
2019-02-26 11:25:00,174.4675
2019-02-26 11:30:00,174.3925
2019-02-26 11:35:00,174.405
2019-02-26 11:40:00,174.31502500000005
2019-02-26 11:45:00,174.21925
2019-02-26 11:50:00,174.262475
2019-02-26 11:55:00,174.29319999999996
2019-02-26 12:00:00,174.27495000000005
2019-02-26 12:05:00,174.2495
2019-02-26 12:10:00,174.21249999999995
2019-02-26 12:15:00,174.11999999999995
2019-02-26 12:20:00,174.19780000000003
2019-02-26 12:30:00,174.125
2019-02-26 12:35:00,174.08974999999995
2019-02-26 12:40:00,174.02374999999995
2019-02-26 12:45:00,174.17125
2019-02-26 12:50:00,174.21875
2019-02-26 12:55:00,174.22502500000004
2019-02-26 13:00:00,174.1975
2019-02-26 13:05:00,174.3025
2019-02-26 13:10:00,174.2794
2019-02-26 13:15:00,174.24
2019-02-26 13:20:00,174.37375
2019-02-26 13:25:00,174.47125
2019-02-26 13:30:00,174.526325
2019-02-26 13:35:00,174.305
2019-02-26 13:40:00,174.2375
2019-02-26 13:45:00,174.285
2019-02-26 13:50:00,174.35907500000005
2019-02-26 13:55:00,174.27749999999997
2019-02-26 14:00:00,174.211175
2019-02-26 14:05:00,174.292475
2019-02-26 14:10:00,174.27595000000005
2019-02-26 14:15:00,174.268175
2019-02-26 14:20:00,174.30495000000005
2019-02-26 14:25:00,174.271075
2019-02-26 14:30:00,174.2452
2019-02-26 14:35:00,174.34375
2019-02-26 14:40:00,174.44875000000005
2019-02-26 14:45:00,174.44750000000005
2019-02-26 14:50:00,174.34125000000003
2019-02-26 14:55:00,174.45655
2019-02-26 15:00:00,174.5607
2019-02-26 15:05:00,174.65500000000003
2019-02-26 15:10:00,174.68785
2019-02-26 15:15:00,174.663275
2019-02-26 15:20:00,174.728275
2019-02-26 15:25:00,174.68625
2019-02-26 15:30:00,174.63625000000005
2019-02-26 15:35:00,174.66875
2019-02-26 15:40:00,174.62124999999997
2019-02-26 15:45:00,174.529375
2019-02-26 15:50:00,174.48250000000004
2019-02-26 15:55:00,174.385
2019-02-26 16:00:00,174.36
2019-02-27 09:35:00,174.27249999999995
2019-02-27 09:40:00,174.514025
2019-02-27 09:45:00,174.60969999999998
2019-02-27 09:50:00,174.49
2019-02-27 09:55:00,174.410375
2019-02-27 10:00:00,174.2025
2019-02-27 10:05:00,174.03475
2019-02-27 10:10:00,173.95375
2019-02-27 10:15:00,173.82999999999996
2019-02-27 10:20:00,173.5771
2019-02-27 10:25:00,173.52624999999995
2019-02-27 10:30:00,173.15749999999997
2019-02-27 10:35:00,172.996275
2019-02-27 10:40:00,172.947325
2019-02-27 10:45:00,173.22625
2019-02-27 10:50:00,173.337375
2019-02-27 10:55:00,173.20002499999995
2019-02-27 11:00:00,173.06250000000003
2019-02-27 11:05:00,173.123825
2019-02-27 11:10:00,173.1325
2019-02-27 11:15:00,173.32500000000005
2019-02-27 11:20:00,173.31
2019-02-27 11:25:00,173.4475
2019-02-27 11:30:00,173.5883
2019-02-27 11:35:00,173.62982499999995
2019-02-27 11:40:00,173.74765
2019-02-27 11:45:00,173.85875
2019-02-27 11:50:00,173.85375
2019-02-27 11:55:00,173.985
2019-02-27 12:00:00,173.96
2019-02-27 12:05:00,173.97125
2019-02-27 12:10:00,173.96095
2019-02-27 12:15:00,173.93874999999997
2019-02-27 12:20:00,173.998675
2019-02-27 12:30:00,174.1347
2019-02-27 12:35:00,174.211275
2019-02-27 12:40:00,174.125675
2019-02-27 12:45:00,174.23425
2019-02-27 12:50:00,174.21125
2019-02-27 12:55:00,174.1575
2019-02-27 13:00:00,174.21374999999995
2019-02-27 13:05:00,174.32
2019-02-27 13:10:00,174.36
2019-02-27 13:15:00,174.3725
2019-02-27 13:20:00,174.4012
2019-02-27 13:25:00,174.47750000000005
2019-02-27 13:30:00,174.54875
2019-02-27 13:35:00,174.47250000000003
2019-02-27 13:40:00,174.38374999999996
2019-02-27 13:45:00,174.29600000000005
2019-02-27 13:50:00,174.30255
2019-02-27 13:55:00,174.37075
2019-02-27 14:00:00,174.4175
2019-02-27 14:05:00,174.49102499999995
2019-02-27 14:10:00,174.501575
2019-02-27 14:15:00,174.59875
2019-02-27 14:20:00,174.65750000000003
2019-02-27 14:25:00,174.63500000000005
2019-02-27 14:30:00,174.5825
2019-02-27 14:35:00,174.69875
2019-02-27 14:40:00,174.79874999999996
2019-02-27 14:45:00,174.8125
2019-02-27 14:50:00,174.75127500000005
2019-02-27 14:55:00,174.725
2019-02-27 15:00:00,174.6325
2019-02-27 15:05:00,174.66250000000005
2019-02-27 15:10:00,174.6425
2019-02-27 15:15:00,174.783775
2019-02-27 15:20:00,174.84749999999997
2019-02-27 15:25:00,174.84625
2019-02-27 15:30:00,174.88375
2019-02-27 15:35:00,174.76819999999995
2019-02-27 15:40:00,174.81220000000005
2019-02-27 15:45:00,174.75584999999995
2019-02-27 15:50:00,174.715
2019-02-27 15:55:00,174.633625
2019-02-27 16:00:00,174.73749999999995
2019-02-28 09:35:00,174.32
2019-02-28 09:40:00,174.25482499999995
2019-02-28 09:45:00,174.33
2019-02-28 09:50:00,174.48749999999995
2019-02-28 09:55:00,174.70305
2019-02-28 10:00:00,174.49832499999997
2019-02-28 10:05:00,174.16125
2019-02-28 10:10:00,173.9345
2019-02-28 10:15:00,173.88
2019-02-28 10:20:00,174.0225
2019-02-28 10:25:00,174.015
2019-02-28 10:30:00,173.88155
2019-02-28 10:35:00,173.98125000000005
2019-02-28 10:40:00,174.04250000000005
2019-02-28 10:45:00,173.8725
2019-02-28 10:50:00,173.86255
2019-02-28 10:55:00,173.7975
2019-02-28 11:00:00,173.735
2019-02-28 11:05:00,173.69500000000005
2019-02-28 11:10:00,173.63625000000005
2019-02-28 11:15:00,173.57
2019-02-28 11:20:00,173.735
2019-02-28 11:25:00,173.9275
2019-02-28 11:30:00,173.96435
2019-02-28 11:35:00,174.03375000000003
2019-02-28 11:40:00,174.0075
2019-02-28 11:45:00,173.96650000000002
2019-02-28 11:50:00,174.08249999999995
2019-02-28 11:55:00,174.2475
2019-02-28 12:00:00,174.22750000000005
2019-02-28 12:05:00,174.0713
2019-02-28 12:10:00,173.9496
2019-02-28 12:15:00,173.9175
2019-02-28 12:20:00,174.016
2019-02-28 12:30:00,174.12102499999997
2019-02-28 12:35:00,174.04375
2019-02-28 12:40:00,174.03000000000003
2019-02-28 12:45:00,174.06875000000005
2019-02-28 12:50:00,174.1304
2019-02-28 12:55:00,174.162875
2019-02-28 13:00:00,174.286675
2019-02-28 13:05:00,174.29067500000005
2019-02-28 13:10:00,174.21499999999997
2019-02-28 13:15:00,174.18875000000003
2019-02-28 13:20:00,174.2262
2019-02-28 13:25:00,174.183725
2019-02-28 13:30:00,174.0925
2019-02-28 13:35:00,174.11249999999995
2019-02-28 13:40:00,174.2075
2019-02-28 13:45:00,174.20625
2019-02-28 13:50:00,174.1525
2019-02-28 13:55:00,174.1123
2019-02-28 14:00:00,174.1775
2019-02-28 14:05:00,174.22250000000003
2019-02-28 14:10:00,174.14375
2019-02-28 14:15:00,174.09285
2019-02-28 14:20:00,174.08999999999997
2019-02-28 14:25:00,174.101
2019-02-28 14:30:00,174.224775
2019-02-28 14:35:00,174.185
2019-02-28 14:40:00,174.11
2019-02-28 14:45:00,174.03875
2019-02-28 14:50:00,173.99025
2019-02-28 14:55:00,173.965
2019-02-28 15:00:00,174.0275
2019-02-28 15:05:00,174.015
2019-02-28 15:10:00,173.9125
2019-02-28 15:15:00,173.95499999999996
2019-02-28 15:20:00,173.9625
2019-02-28 15:25:00,173.995
2019-02-28 15:30:00,174.01375000000004
2019-02-28 15:35:00,174.07125
2019-02-28 15:40:00,174.07625000000004
2019-02-28 15:45:00,173.94235
2019-02-28 15:50:00,173.82000000000005
2019-02-28 15:55:00,173.67000000000004
2019-02-28 16:00:00,173.195
2019-03-01 09:35:00,174.245
2019-03-01 09:40:00,174.0
2019-03-01 09:45:00,173.89624999999995
2019-03-01 09:50:00,174.125
2019-03-01 09:55:00,174.2125
2019-03-01 10:00:00,174.16000000000003
2019-03-01 10:05:00,174.015
2019-03-01 10:10:00,174.0525
2019-03-01 10:15:00,173.98577500000005
2019-03-01 10:20:00,173.7975
2019-03-01 10:25:00,173.61375000000004
2019-03-01 10:30:00,173.58505000000005
2019-03-01 10:35:00,173.6646
2019-03-01 10:40:00,173.78
2019-03-01 10:45:00,173.72742499999995
2019-03-01 10:50:00,173.66375
2019-03-01 10:55:00,173.566275
2019-03-01 11:00:00,173.65000000000003
2019-03-01 11:05:00,173.41000000000003
2019-03-01 11:10:00,173.15625
2019-03-01 11:15:00,173.08245
2019-03-01 11:20:00,173.2751
2019-03-01 11:25:00,173.33275
2019-03-01 11:30:00,173.291725
2019-03-01 11:35:00,173.2525
2019-03-01 11:40:00,173.290625
2019-03-01 11:45:00,173.25250000000003
2019-03-01 11:50:00,173.18125
2019-03-01 11:55:00,173.04999999999995
2019-03-01 12:00:00,173.16474999999997
2019-03-01 12:05:00,173.40995
2019-03-01 12:10:00,173.55
2019-03-01 12:20:00,173.52500000000003
2019-03-01 12:25:00,173.58999999999997
2019-03-01 12:30:00,173.8045
2019-03-01 12:35:00,173.893925
2019-03-01 12:40:00,174.0275
2019-03-01 12:45:00,174.07500000000005
2019-03-01 12:50:00,174.08625
2019-03-01 12:55:00,174.08665
2019-03-01 13:00:00,174.1375
2019-03-01 13:05:00,174.13
2019-03-01 13:10:00,174.17000000000004
2019-03-01 13:15:00,174.16000000000003
2019-03-01 13:20:00,174.13655
2019-03-06 09:35:00,174.49999999999997
2019-03-06 09:40:00,174.385025
2019-03-06 09:50:00,174.56
2019-03-06 09:55:00,174.56499999999997
2019-03-06 10:05:00,174.94875000000005
2019-03-06 10:15:00,175.37875
2019-03-06 10:20:00,175.2225
2019-03-06 10:30:00,174.97750000000005
2019-03-06 10:45:00,174.9262
2019-03-06 10:50:00,175.0916
2019-03-06 11:05:00,175.104575
2019-03-06 11:20:00,175.21
2019-03-06 11:40:00,174.85500000000005
2019-03-06 11:45:00,174.76
2019-03-06 12:00:00,174.83499999999995
2019-03-06 12:05:00,174.98375
2019-03-06 12:10:00,175.085
2019-03-06 12:25:00,174.815
2019-03-06 12:30:00,174.76000000000005
2019-03-06 12:35:00,174.965
2019-03-06 12:45:00,174.93
2019-03-06 12:50:00,174.735
2019-03-06 13:05:00,174.76125
2019-03-06 12:55:00,174.73749999999995
2019-03-06 13:15:00,174.63500000000005
2019-03-06 13:20:00,174.5625
2019-03-06 13:35:00,174.6325
2019-03-06 13:40:00,174.7375
2019-03-06 13:45:00,174.7875
2019-03-06 13:50:00,174.6705
2019-03-06 13:55:00,174.59375
2019-03-06 14:00:00,174.65250000000003
2019-03-06 14:05:00,174.81652499999996
2019-03-06 14:10:00,174.77882499999996
2019-03-06 14:15:00,174.83049999999997
2019-03-06 14:20:00,174.78005000000005
2019-03-06 14:25:00,174.73405
2019-03-06 14:30:00,174.7775
2019-03-06 14:35:00,174.6375
2019-03-06 14:45:00,174.62550000000005
2019-03-06 14:50:00,174.72002500000005
2019-03-06 15:00:00,174.72005
2019-03-06 15:05:00,174.701875
2019-03-06 15:20:00,174.51502499999995
2019-03-06 15:30:00,174.481625
2019-03-06 15:25:00,174.53625
2019-03-06 15:35:00,174.55624999999995
2019-03-06 15:40:00,174.69
2019-03-06 15:55:00,174.7275
2019-03-06 16:00:00,174.6125
2019-03-07 09:35:00,174.07999999999996
2019-03-07 09:40:00,174.15875
2019-03-07 09:45:00,174.075
2019-03-07 09:50:00,173.82500000000005
2019-03-07 09:55:00,173.692475
2019-03-07 10:00:00,173.61375
2019-03-07 10:05:00,173.375
2019-03-07 10:10:00,173.283075
2019-03-07 10:15:00,172.8975
2019-03-07 10:20:00,172.38232499999995
2019-03-07 10:25:00,172.42000000000004
2019-03-07 10:30:00,172.700025
2019-03-07 10:35:00,172.7239
2019-03-07 10:40:00,172.567925
2019-03-07 10:45:00,172.4625
2019-03-07 10:50:00,172.80675
2019-03-07 10:55:00,172.90750000000003
2019-03-07 11:00:00,172.96999999999997
2019-03-07 11:05:00,172.925
2019-03-07 11:10:00,172.96
2019-03-07 11:15:00,173.07375
2019-03-07 11:20:00,173.029975
2019-03-07 11:25:00,172.85125000000005
2019-03-07 11:30:00,172.93
2019-03-07 11:35:00,173.19662499999995
2019-03-07 11:40:00,173.27075000000005
2019-03-07 11:45:00,173.3368
2019-03-07 11:55:00,173.57375000000005
2019-03-07 12:00:00,173.5525
2019-03-07 12:05:00,173.5025
2019-03-07 12:10:00,173.57250000000005
2019-03-07 12:15:00,173.47375
2019-03-07 12:20:00,173.39999999999995
2019-03-07 12:25:00,173.40500000000003
2019-03-07 12:30:00,173.49
2019-03-07 12:35:00,173.3525
2019-03-07 12:40:00,173.64
2019-03-07 12:45:00,173.770925
2019-03-07 12:50:00,173.859125
2019-03-07 12:55:00,173.92014999999995
2019-03-07 13:00:00,174.11875
2019-03-07 13:05:00,173.985325
2019-03-07 13:10:00,174.00375
2019-03-07 13:15:00,174.0525
2019-03-07 13:20:00,173.9575
2019-03-07 13:25:00,173.8725
2019-03-07 13:30:00,173.81
2019-03-07 13:35:00,173.6475
2019-03-07 13:40:00,173.5308
2019-03-07 13:45:00,173.715
2019-03-07 13:50:00,173.8475
2019-03-07 13:55:00,173.765775
2019-03-07 14:00:00,173.676425
2019-03-07 14:05:00,173.71750000000003
2019-03-07 14:10:00,173.565
2019-03-07 14:15:00,173.384525
2019-03-07 14:20:00,173.3325
2019-03-07 14:25:00,173.3725
2019-03-07 14:30:00,173.33544999999995
2019-03-07 14:35:00,173.235
2019-03-07 14:40:00,173.07122500000003
2019-03-07 14:45:00,172.975
2019-03-07 14:50:00,172.88752499999995
2019-03-07 14:55:00,172.725825
2019-03-07 15:00:00,172.699725
2019-03-07 15:05:00,172.57999999999996
2019-03-07 15:10:00,172.545625
2019-03-07 15:15:00,172.483075
2019-03-07 15:20:00,172.51125
2019-03-07 15:25:00,172.605
2019-03-07 15:30:00,172.5825
2019-03-07 15:35:00,172.52
2019-03-07 15:40:00,172.6475
2019-03-07 15:45:00,172.6825
2019-03-07 15:50:00,172.63605
2019-03-07 15:55:00,172.44250000000005
2019-03-07 16:00:00,172.4675
2019-03-08 09:35:00,170.42125
2019-03-08 09:40:00,170.59975
2019-03-08 09:45:00,170.76592499999995
2019-03-08 09:50:00,170.8825
2019-03-08 09:55:00,171.114625
2019-03-08 10:00:00,171.22750000000005
2019-03-08 10:05:00,171.0297
2019-03-08 10:10:00,171.0186
2019-03-08 10:15:00,171.321725
2019-03-08 10:20:00,171.3075
2019-03-08 10:25:00,171.4525
2019-03-08 10:30:00,171.54
2019-03-08 10:35:00,171.4
2019-03-08 10:40:00,171.2375
2019-03-08 10:45:00,171.4375
2019-03-08 10:50:00,171.79500000000004
2019-03-08 10:55:00,171.76999999999995
2019-03-08 11:00:00,171.74
2019-03-08 11:05:00,171.64749999999995
2019-03-08 11:10:00,171.709975
2019-03-08 11:15:00,171.7383
2019-03-08 11:20:00,171.8225
2019-03-08 11:25:00,171.725
2019-03-08 11:30:00,171.9525
2019-03-08 11:35:00,171.87775
2019-03-08 11:40:00,171.7825
2019-03-08 11:45:00,171.76125
2019-03-08 11:55:00,171.7613
2019-03-08 12:00:00,171.8475
2019-03-08 12:05:00,171.69199999999995
2019-03-08 12:10:00,171.54999999999995
2019-03-08 12:15:00,171.4975
2019-03-08 12:20:00,171.43290000000005
2019-03-08 12:25:00,171.3625
2019-03-08 12:30:00,171.3975
2019-03-08 12:35:00,171.56
2019-03-08 12:40:00,171.5799
2019-03-08 12:45:00,171.5375
2019-03-08 12:50:00,171.528275
2019-03-08 12:55:00,171.42499999999995
2019-03-08 13:00:00,171.3525
2019-03-08 13:05:00,171.40250000000003
2019-03-08 13:10:00,171.3338
2019-03-08 13:15:00,171.41420000000005
2019-03-08 13:20:00,171.41537499999995
2019-03-08 13:25:00,171.33499999999995
2019-03-08 13:30:00,171.32625000000004
2019-03-08 13:35:00,171.3175
2019-03-08 13:40:00,171.38375
2019-03-08 13:45:00,171.52625
2019-03-08 13:50:00,171.645
2019-03-08 13:55:00,171.741625
2019-03-08 14:00:00,171.76192500000005
2019-03-08 14:05:00,171.75122499999995
2019-03-08 14:10:00,171.7475
2019-03-08 14:15:00,171.85375000000005
2019-03-08 14:20:00,171.92325
2019-03-08 14:25:00,172.0075
2019-03-08 14:30:00,171.99465000000004
2019-03-08 14:35:00,172.08205
2019-03-08 14:40:00,172.17000000000004
2019-03-08 14:45:00,172.2375
2019-03-08 14:50:00,172.3325
2019-03-08 14:55:00,172.5475
2019-03-08 15:00:00,172.57875
2019-03-08 15:05:00,172.47375
2019-03-08 15:10:00,172.566575
2019-03-08 15:15:00,172.4425
2019-03-08 15:20:00,172.21497499999995
2019-03-08 15:25:00,172.13
2019-03-08 15:30:00,172.1075
2019-03-08 15:35:00,172.27499999999995
2019-03-08 15:40:00,172.465
2019-03-08 15:45:00,172.603675
2019-03-08 15:50:00,172.76749999999996
2019-03-08 15:55:00,172.8075
2019-03-08 16:00:00,172.8375
2019-03-11 09:35:00,176.0175
2019-03-11 09:40:00,176.5691
2019-03-11 09:45:00,176.81
2019-03-11 09:50:00,176.93475
2019-03-11 09:55:00,177.134875
2019-03-11 10:00:00,177.25135
2019-03-11 10:05:00,177.49384999999995
2019-03-11 10:10:00,177.2435
2019-03-11 10:15:00,177.27
2019-03-11 10:20:00,177.41750000000005
2019-03-11 10:25:00,177.44365
2019-03-11 10:30:00,177.515
2019-03-11 10:35:00,177.545625
2019-03-11 10:40:00,177.61395000000005
2019-03-11 10:45:00,177.70459999999997
2019-03-11 10:50:00,177.8625
2019-03-11 10:55:00,177.97125
2019-03-11 11:00:00,178.005525
2019-03-11 11:05:00,178.19922499999996
2019-03-11 11:10:00,178.286475
2019-03-11 11:15:00,178.37497499999995
2019-03-11 11:20:00,178.35125
2019-03-11 11:25:00,178.36
2019-03-11 11:30:00,178.48877500000003
2019-03-11 11:35:00,178.468825
2019-03-11 11:45:00,178.77625
2019-03-11 11:50:00,178.7215
2019-03-11 11:55:00,178.67825
2019-03-11 12:00:00,178.755
2019-03-11 12:05:00,178.795
2019-03-11 12:10:00,178.908575
2019-03-11 12:15:00,178.72
2019-03-11 12:20:00,178.71195
2019-03-11 12:25:00,178.64499999999995
2019-03-11 12:30:00,178.71200000000005
2019-03-11 12:35:00,178.56252500000005
2019-03-11 12:40:00,178.6025
2019-03-11 12:45:00,178.63500000000005
2019-03-11 12:50:00,178.6325
2019-03-11 12:55:00,178.53325
2019-03-11 13:00:00,178.5364
2019-03-11 13:05:00,178.55375
2019-03-11 13:10:00,178.584975
2019-03-11 13:15:00,178.64252500000003
2019-03-11 13:20:00,178.7025
2019-03-11 13:25:00,178.65295
2019-03-11 13:30:00,178.704475
2019-03-11 13:35:00,178.86835
2019-03-11 13:40:00,178.875
2019-03-11 13:45:00,178.88005
2019-03-11 13:50:00,178.84542499999995
2019-03-11 13:55:00,178.8475
2019-03-11 14:00:00,178.85000000000005
2019-03-11 14:05:00,178.776075
2019-03-11 14:10:00,178.7325
2019-03-11 14:15:00,178.665525
2019-03-11 14:20:00,178.66819999999996
2019-03-11 14:25:00,178.62879999999996
2019-03-11 14:30:00,178.627475
2019-03-11 14:35:00,178.67585
2019-03-11 14:40:00,178.6875
2019-03-11 14:45:00,178.69250000000005
2019-03-11 14:50:00,178.59405
2019-03-11 14:55:00,178.577525
2019-03-13 14:20:00,182.671725
2019-03-13 14:25:00,182.657525
2019-03-13 14:30:00,182.6425
2019-03-13 14:35:00,182.569175
2019-03-13 14:40:00,182.6105
2019-03-13 14:45:00,182.69235
2019-03-13 14:50:00,182.51385
2019-03-13 14:55:00,182.35935
2019-03-13 15:00:00,182.48
2019-03-13 15:05:00,182.4525
2019-03-13 15:10:00,182.39
2019-03-13 15:15:00,182.2475
2019-03-13 15:20:00,182.234775
2019-03-13 15:25:00,182.2075
2019-03-13 15:30:00,182.2425
2019-03-13 15:35:00,182.3563
2019-03-13 15:40:00,182.460625
2019-03-13 15:45:00,182.34875
2019-03-13 15:50:00,182.103625
2019-03-13 15:55:00,181.875125
2019-03-13 16:00:00,181.80025
2019-03-14 09:35:00,183.615
2019-03-14 09:40:00,183.54
2019-03-14 09:45:00,183.16450000000003
2019-03-14 09:50:00,182.873675
2019-03-14 09:55:00,183.205225
2019-03-14 10:00:00,183.44875
2019-03-14 10:05:00,183.225
2019-03-14 10:10:00,182.79755
2019-03-14 10:15:00,182.7375
2019-03-14 10:20:00,182.909775
2019-03-14 10:25:00,183.276725
2019-03-14 10:30:00,183.253725
2019-03-14 10:35:00,183.2786
2019-03-14 10:40:00,183.3975
2019-03-14 10:45:00,183.36875
2019-03-14 10:50:00,183.28125
2019-03-14 10:55:00,183.04985
2019-03-14 11:00:00,182.94875
2019-03-14 11:05:00,182.9775
2019-03-14 11:10:00,182.93405
2019-03-14 11:15:00,183.02615000000003
2019-03-14 11:20:00,183.2175
2019-03-14 11:25:00,183.28375
2019-03-14 11:30:00,183.235
2019-03-14 11:35:00,183.205
2019-03-14 11:40:00,183.340875
2019-03-14 11:50:00,183.634225
2019-03-14 11:55:00,183.58385
2019-03-14 12:00:00,183.487475
2019-03-14 12:05:00,183.66
2019-03-14 12:10:00,183.9725
2019-03-14 12:15:00,183.88875
2019-03-14 12:20:00,183.7825
2019-03-14 12:25:00,183.745
2019-03-14 12:30:00,183.76
2019-03-14 12:35:00,183.8225
2019-03-14 12:40:00,183.80505
2019-03-14 12:45:00,183.81625000000003
2019-03-14 12:50:00,183.778975
2019-03-14 12:55:00,183.86225
2019-03-14 13:00:00,183.83705
2019-03-14 13:05:00,183.7825
2019-03-14 13:10:00,183.56375
2019-03-14 13:15:00,183.586275
2019-03-14 13:20:00,183.737375
2019-03-14 13:25:00,183.6825
2019-03-14 13:30:00,183.670775
2019-03-14 13:35:00,183.775
2019-03-14 13:40:00,183.7875
2019-03-14 13:45:00,183.782125
2019-03-14 13:50:00,183.780425
2019-03-14 13:55:00,183.685
2019-03-14 14:00:00,183.65
2019-03-14 14:05:00,183.6439
2019-03-14 14:10:00,183.73
2019-03-14 14:15:00,183.780325
2019-03-14 14:20:00,183.747225
2019-03-14 14:25:00,183.831125
2019-03-14 14:30:00,183.915
2019-03-14 14:35:00,183.917975
2019-03-14 14:40:00,183.84375
2019-03-14 14:45:00,183.877975
2019-03-14 14:50:00,183.87325
2019-03-14 14:55:00,183.79
2019-03-14 15:00:00,183.760025
2019-03-14 15:05:00,183.770425
2019-03-14 15:10:00,183.793775
2019-03-14 15:15:00,183.707475
2019-03-14 15:20:00,183.57845
2019-03-14 15:25:00,183.547675
2019-03-14 15:30:00,183.55
2019-03-14 15:35:00,183.63875
2019-03-14 15:40:00,183.81625
2019-03-14 15:45:00,183.94665
2019-03-14 15:50:00,183.925
2019-03-14 15:55:00,183.91
2019-03-14 16:00:00,183.7725
2019-03-15 09:35:00,184.48
2019-03-15 09:40:00,184.074225
2019-03-15 09:45:00,184.175
2019-03-15 09:50:00,184.28
2019-03-15 09:55:00,184.538025
2019-03-15 10:00:00,184.8208
2019-03-15 10:05:00,184.8075
2019-03-15 10:10:00,184.655425
2019-03-15 10:15:00,184.675
2019-03-15 10:20:00,184.925
2019-03-15 10:25:00,185.125
2019-03-15 10:30:00,185.1675
2019-03-15 10:35:00,185.1625
2019-03-15 10:40:00,185.05405
2019-03-15 10:45:00,185.10375
2019-03-15 10:50:00,185.325
2019-03-15 10:55:00,185.41875
2019-03-15 11:00:00,185.542175
2019-03-15 11:05:00,185.631275
2019-03-15 11:10:00,185.640525
2019-03-15 11:15:00,185.8575
2019-03-15 11:20:00,186.2025
2019-03-15 11:25:00,186.397875
2019-03-15 11:30:00,186.258525
2019-03-15 11:35:00,186.28500000000003
2019-03-15 11:40:00,186.31875
2019-03-15 11:50:00,186.22375
2019-03-15 11:55:00,186.395
2019-03-15 12:00:00,186.3475
2019-03-15 12:05:00,186.41125
2019-03-15 12:10:00,186.67
2019-03-15 12:15:00,186.818675
2019-03-15 12:20:00,186.89505
2019-03-15 12:25:00,186.8365
2019-03-15 12:30:00,186.895
2019-03-15 12:35:00,186.63915
2019-03-15 12:40:00,186.49125
2019-03-15 12:45:00,186.68
2019-03-15 12:50:00,186.65
2019-03-15 12:55:00,186.615
2019-03-15 13:00:00,186.485
2019-03-15 13:05:00,186.50375
2019-03-15 13:10:00,186.5125
2019-03-15 13:15:00,186.531175
2019-03-15 13:20:00,186.62875000000003
2019-03-15 13:25:00,186.565
2019-03-15 13:30:00,186.66255
2019-03-15 13:35:00,186.7969
2019-03-15 13:40:00,187.00915
2019-03-15 13:45:00,187.004575
2019-03-15 13:50:00,187.16000000000003
2019-03-15 13:55:00,187.1675
2019-03-15 14:00:00,187.14500000000004
2019-03-15 14:05:00,187.1375
2019-03-15 14:10:00,187.118525
2019-03-15 14:15:00,187.09
2019-03-15 14:20:00,186.965
2019-03-15 14:25:00,186.9425
2019-03-15 14:30:00,187.045025
2019-03-15 14:35:00,187.045
2019-03-15 14:40:00,187.02245
2019-03-15 14:45:00,187.08700000000002
2019-03-15 14:50:00,187.11905
2019-03-15 14:55:00,187.06195
2019-03-15 15:00:00,187.05875
2019-03-15 15:05:00,187.114975
2019-03-15 15:10:00,187.19625
2019-03-15 15:15:00,187.141
2019-03-15 15:20:00,187.012125
2019-03-15 15:25:00,187.0675
2019-03-15 15:30:00,187.045
2019-03-15 15:35:00,186.95495000000003
2019-03-15 15:40:00,186.81875
2019-03-15 15:45:00,186.7925
2019-03-15 15:50:00,186.619975
2019-03-15 15:55:00,186.14875
2019-03-15 16:00:00,186.1075
2019-03-18 09:35:00,186.26645
2019-03-18 09:40:00,186.59375
2019-03-18 09:45:00,186.875
2019-03-18 09:50:00,187.1375
2019-03-18 09:55:00,187.3175
2019-03-18 10:00:00,187.284125
2019-03-18 10:05:00,187.4425
2019-03-18 10:10:00,187.7296
2019-03-18 10:15:00,187.8217
2019-03-18 10:20:00,187.91000000000003
2019-03-18 10:25:00,188.08775
2019-03-18 10:30:00,188.177525
2019-03-18 10:35:00,188.196675
2019-03-18 10:40:00,187.902475
2019-03-18 10:45:00,187.952675
2019-03-18 10:50:00,188.06025
2019-03-18 10:55:00,188.1654
2019-03-18 11:00:00,188.1692
2019-03-18 11:05:00,188.05
2019-03-18 11:10:00,187.95187500000003
2019-03-18 11:15:00,187.865
2019-03-18 11:20:00,187.8125
2019-03-18 11:25:00,187.62217500000003
2019-03-18 11:35:00,187.37875000000003
2019-03-18 11:40:00,187.32525
2019-03-18 11:45:00,187.315
2019-03-18 11:50:00,187.3225
2019-03-18 11:55:00,187.453375
2019-03-18 12:00:00,187.5707
2019-03-18 12:05:00,187.5025
2019-03-18 12:10:00,187.46835
2019-03-18 12:15:00,187.5346
2019-03-18 12:20:00,187.520675
2019-03-18 12:25:00,187.26465
2019-03-18 12:30:00,187.32125
2019-03-18 12:35:00,187.16000000000003
2019-03-18 12:40:00,187.2625
2019-03-18 12:45:00,187.48445000000004
2019-03-18 12:50:00,187.565225
2019-03-18 12:55:00,187.5275
2019-03-18 13:00:00,187.475
2019-03-18 13:05:00,187.42
2019-03-18 13:10:00,187.485025
2019-03-18 13:15:00,187.615
2019-03-18 13:20:00,187.612475
2019-03-18 13:25:00,187.639975
2019-03-18 13:30:00,187.75495
2019-03-18 13:35:00,187.83
2019-03-18 13:40:00,187.84505
2019-03-18 13:45:00,187.90750000000003
2019-03-18 13:50:00,187.9158
2019-03-18 13:55:00,187.969575
2019-03-18 14:00:00,188.0305
2019-03-18 14:05:00,188.131025
2019-03-18 14:10:00,188.1275
2019-03-18 14:15:00,188.080375
2019-03-18 14:20:00,188.068725
2019-03-18 14:25:00,188.0075
2019-03-18 14:30:00,187.8775
2019-03-18 14:35:00,187.77900000000002
2019-03-18 14:40:00,187.84855
2019-03-18 14:45:00,187.810275
2019-03-18 14:50:00,187.8525
2019-03-18 14:55:00,187.9
2019-03-18 15:00:00,187.917475
2019-03-18 15:05:00,187.958275
2019-03-18 15:10:00,187.95
2019-03-18 15:15:00,187.9238
2019-03-18 15:20:00,187.9525
2019-03-18 15:25:00,187.82025
2019-03-18 15:30:00,187.7767
2019-03-18 15:35:00,187.8825
2019-03-18 15:40:00,187.91625
2019-03-18 15:45:00,187.955
2019-03-18 15:50:00,188.1
2019-03-18 15:55:00,187.985
2019-03-18 16:00:00,187.9575
2019-03-19 09:35:00,188.47
2019-03-19 09:40:00,188.671175
2019-03-19 09:45:00,188.442525
2019-03-19 09:50:00,188.4411
2019-03-19 09:55:00,188.381775
2019-03-19 10:00:00,188.325
2019-03-19 10:05:00,188.055
2019-03-19 10:10:00,188.0525
2019-03-19 10:15:00,188.2725
2019-03-19 10:20:00,188.335
2019-03-19 10:25:00,188.0166
2019-03-19 10:30:00,187.52875
2019-03-19 10:35:00,187.524725
2019-03-19 10:40:00,187.510025
2019-03-19 10:45:00,187.375
2019-03-19 10:50:00,187.3625
2019-03-19 10:55:00,187.4025
2019-03-19 11:00:00,187.4025
2019-03-19 11:05:00,187.22095
2019-03-19 11:10:00,187.112975
2019-03-19 11:15:00,187.2725
2019-03-19 11:20:00,187.4511
2019-03-19 11:30:00,187.64495
2019-03-19 11:35:00,187.5525
2019-03-19 11:40:00,187.685
2019-03-19 11:45:00,187.619875
2019-03-19 11:50:00,187.495025
2019-03-19 11:55:00,187.765
2019-03-19 12:00:00,187.8675
2019-03-19 12:05:00,188.162475
2019-03-19 12:10:00,188.1225
2019-03-19 12:15:00,188.0975
2019-03-19 12:20:00,188.067625
2019-03-19 12:25:00,188.1013
2019-03-19 12:30:00,188.02095
2019-03-19 12:35:00,188.032475
2019-03-19 12:40:00,187.997475
2019-03-19 12:45:00,187.9883
2019-03-19 12:50:00,187.776625
2019-03-19 12:55:00,187.21
2019-03-19 13:00:00,187.4
2019-03-19 13:05:00,187.641225
2019-03-19 13:10:00,187.585
2019-03-19 13:15:00,187.4875
2019-03-19 13:20:00,187.4
2019-03-19 13:25:00,187.393925
2019-03-19 13:30:00,187.395
2019-03-19 13:35:00,187.22
2019-03-19 13:40:00,187.23
2019-03-19 13:45:00,187.15875
2019-03-19 13:50:00,187.05275
2019-03-19 13:55:00,187.0275
2019-03-19 14:00:00,187.004925
2019-03-19 14:05:00,187.14375
2019-03-19 14:10:00,187.1475
2019-03-19 14:15:00,187.037125
2019-03-19 14:20:00,186.98
2019-03-19 14:25:00,187.001625
2019-03-19 14:30:00,187.090375
2019-03-19 14:35:00,187.1525
2019-03-19 14:40:00,187.2775
2019-03-19 14:45:00,187.39750000000004
2019-03-19 14:50:00,187.45625
2019-03-19 14:55:00,187.441225
2019-03-19 15:00:00,187.38
2019-03-19 15:05:00,187.23125
2019-03-19 15:10:00,187.2225
2019-03-19 15:15:00,187.09125
2019-03-19 15:20:00,187.0225
2019-03-19 15:25:00,186.7975
2019-03-19 15:30:00,186.563875
2019-03-19 15:35:00,186.60475
2019-03-19 15:40:00,186.57165
2019-03-19 15:45:00,186.215
2019-03-19 15:50:00,186.229975
2019-03-19 15:55:00,186.156225
2019-03-19 16:00:00,186.2475
2019-03-20 09:35:00,186.089375
2019-03-20 09:40:00,185.7075
2019-03-20 09:45:00,185.852925
2019-03-20 09:50:00,186.03000000000003
2019-03-20 09:55:00,185.923725
2019-03-20 10:00:00,185.4475
2019-03-20 10:05:00,185.77625
2019-03-20 10:10:00,186.2
2019-03-20 10:15:00,186.09750000000003
2019-03-20 10:20:00,186.107475
2019-03-20 10:25:00,186.369275
2019-03-20 10:30:00,186.7425
2019-03-20 10:35:00,187.018775
2019-03-20 10:40:00,186.986425
2019-03-20 10:45:00,186.961875
2019-03-20 10:50:00,187.15200000000002
2019-03-20 10:55:00,187.22925
2019-03-20 11:00:00,187.119925
2019-03-20 11:05:00,187.04
2019-03-20 11:10:00,186.85
2019-03-20 11:20:00,186.572125
2019-03-20 11:25:00,186.37875
2019-03-20 11:30:00,186.292425
2019-03-20 11:35:00,186.544825
2019-03-20 11:40:00,186.4925
2019-03-20 11:45:00,186.449975
2019-03-20 11:50:00,186.4825
2019-03-20 11:55:00,186.5559
2019-03-20 12:00:00,186.55625
2019-03-20 12:05:00,186.48915
2019-03-20 12:10:00,186.64875
2019-03-20 12:15:00,186.875
2019-03-20 12:20:00,186.912475
2019-03-20 12:25:00,186.91000000000003
2019-03-20 12:30:00,187.02
2019-03-20 12:35:00,186.8858
2019-03-20 12:40:00,186.697525
2019-03-20 12:45:00,186.755025
2019-03-20 12:50:00,186.7625
2019-03-20 12:55:00,186.7
2019-03-20 13:00:00,186.848775
2019-03-20 13:05:00,186.9475
2019-03-20 13:10:00,186.894875
2019-03-20 13:15:00,186.84585
2019-03-20 13:20:00,186.89125
2019-03-20 13:25:00,186.96325
2019-03-20 13:30:00,186.897525
2019-03-20 13:35:00,186.90125
2019-03-20 13:40:00,186.935
2019-03-20 13:45:00,186.9975
2019-03-20 13:50:00,186.990075
2019-03-20 13:55:00,187.00625
2019-03-20 14:00:00,187.08
2019-03-20 14:05:00,187.842075
2019-03-20 14:10:00,188.136375
2019-03-20 14:15:00,188.2125
2019-03-20 14:20:00,188.32465
2019-03-20 14:25:00,188.4725
2019-03-20 14:30:00,188.91515
2019-03-20 14:35:00,189.258475
2019-03-20 14:40:00,189.30455
2019-03-20 14:45:00,189.075
2019-03-20 14:50:00,189.0375
2019-03-20 14:55:00,189.09500000000003
2019-03-20 15:00:00,188.88275
2019-03-20 15:05:00,188.74875
2019-03-20 15:10:00,188.59
2019-03-20 15:15:00,188.6225
2019-03-20 15:20:00,188.7775
2019-03-20 15:25:00,188.83375
2019-03-20 15:30:00,188.75625
2019-03-20 15:35:00,188.3875
2019-03-20 15:40:00,188.128375
2019-03-20 15:45:00,188.2867
2019-03-20 15:50:00,188.5125
2019-03-20 15:55:00,188.3025
2019-03-20 16:00:00,188.09375
2019-03-21 09:35:00,190.845625
2019-03-21 09:40:00,191.66125
2019-03-21 09:45:00,191.919525
2019-03-21 09:50:00,192.165125
2019-03-21 09:55:00,192.25625
2019-03-21 10:00:00,192.5542
2019-03-21 10:05:00,192.585
2019-03-21 10:10:00,192.7405
2019-03-21 10:15:00,193.260225
2019-03-21 10:20:00,193.4568
2019-03-21 10:25:00,193.37875
2019-03-21 10:30:00,193.66875
2019-03-21 10:35:00,194.0101
2019-03-21 10:40:00,194.1975
2019-03-21 10:45:00,194.265
2019-03-21 10:50:00,194.2575
2019-03-21 10:55:00,194.328825
2019-03-21 11:00:00,194.59505
2019-03-21 11:05:00,194.8742
2019-03-21 11:10:00,194.8725
2019-03-21 11:15:00,194.7875
2019-03-21 11:25:00,194.402525
2019-03-21 11:30:00,194.3586
2019-03-21 11:35:00,194.5175
2019-03-21 11:40:00,194.551225
2019-03-21 11:45:00,194.68405
2019-03-21 11:50:00,194.827225
2019-03-21 11:55:00,194.941025
2019-03-21 12:00:00,194.794575
2019-03-21 12:05:00,194.66635
2019-03-21 12:10:00,194.51875
2019-03-21 12:15:00,194.58005
2019-03-21 12:20:00,194.73375
2019-03-21 12:25:00,194.54875
2019-03-21 12:30:00,194.23630000000003
2019-03-21 12:35:00,194.17525
2019-03-21 12:40:00,194.24005
2019-03-21 12:45:00,194.3125
2019-03-21 12:50:00,194.6825
2019-03-21 12:55:00,194.84125
2019-03-21 13:00:00,194.747
2019-03-21 13:05:00,194.678325
2019-03-21 13:10:00,194.66000000000003
2019-03-21 13:15:00,194.5825
2019-03-21 13:20:00,194.532175
2019-03-21 13:25:00,194.672475
2019-03-21 13:30:00,194.7575
2019-03-21 13:35:00,194.84495
2019-03-21 13:40:00,194.815275
2019-03-26 13:25:00,190.6875
2019-03-26 13:30:00,190.47250000000003
2019-03-26 13:35:00,190.38299999999998
2019-03-26 13:40:00,189.925
2019-03-26 13:45:00,189.7675
2019-03-26 13:50:00,189.76999999999998
2019-03-26 13:55:00,189.47624999999996
2019-03-26 14:00:00,189.11124999999998
