,time,Main Price,Prev Close,Open,Bid,Ask,Volume
1,27-9-2018  10:39:39,29.42,29.01,29.06,29.45 x 2200,29.46 x 800,27013609
2,27-9-2018  10:40:7,29.41,29.01,29.06,29.45 x 2200,29.46 x 800,27013609
3,27-9-2018  10:40:37,29.385,29.01,29.06,29.400 x 800,29.410 x 3200,27013609
4,27-9-2018  10:41:5,29.3799,29.01,29.06,29.3900 x 800,29.4000 x 4000,27013609
5,27-9-2018  10:41:34,29.4,29.01,29.06,29.3900 x 800,29.4000 x 4000,27013609
6,27-9-2018  10:42:2,29.4,29.01,29.06,29.40 x 2900,29.41 x 800,27013609
7,27-9-2018  10:42:31,29.397,29.01,29.06,29.400 x 2900,29.410 x 800,27013609
8,27-9-2018  10:43:0,29.405,29.01,29.06,29.410 x 800,29.420 x 2900,27013609
9,27-9-2018  10:43:29,29.455,29.01,29.06,29.410 x 800,29.420 x 2200,27013609
10,27-9-2018  10:43:58,29.45,29.01,29.06,29.40 x 800,29.41 x 3100,27013609
11,27-9-2018  10:44:26,29.41,29.01,29.06,29.40 x 800,29.41 x 3100,27013609
12,27-9-2018  10:44:55,29.42,29.01,29.06,29.34 x 3200,29.35 x 3100,27013609
13,27-9-2018  10:45:25,29.465,29.01,29.06,29.3400 x 3200,29.3500 x 3100,27013609
14,27-9-2018  10:45:54,29.49,29.01,29.06,29.38 x 3200,29.39 x 3100,27013609
15,27-9-2018  10:46:23,29.46,29.01,29.06,29.3600 x 3200,29.3700 x 2200,27013609
16,27-9-2018  10:46:51,29.48,29.01,29.06,29.36 x 3200,29.37 x 2200,27013609
17,27-9-2018  10:47:20,29.48,29.01,29.06,29.40 x 3200,29.41 x 2200,27013609
18,27-9-2018  10:47:49,29.47,29.01,29.06,29.400 x 1800,29.410 x 2900,27013609
19,27-9-2018  10:48:19,29.47,29.01,29.06,29.38 x 3000,29.39 x 800,27013609
20,27-9-2018  10:48:48,29.445,29.01,29.06,29.380 x 3000,29.390 x 800,27013609
21,27-9-2018  10:49:17,29.43,29.01,29.06,29.400 x 4000,29.410 x 900,27013609
22,27-9-2018  10:49:45,29.42,29.01,29.06,29.40 x 4000,29.41 x 900,27013609
23,27-9-2018  10:50:14,29.43,29.01,29.06,29.38 x 2900,29.39 x 800,27013609
24,27-9-2018  10:50:44,29.4632,29.01,29.06,29.3800 x 2900,29.3900 x 800,27013609
25,27-9-2018  10:51:13,29.47,29.01,29.06,29.38 x 3100,29.39 x 1100,27013609
26,27-9-2018  10:51:41,29.48,29.01,29.06,29.37 x 3200,29.38 x 800,27013609
27,27-9-2018  10:52:10,29.495,29.01,29.06,29.370 x 3200,29.380 x 4000,27013609
28,27-9-2018  10:52:39,29.54,29.01,29.06,29.37 x 800,29.38 x 2200,27013609
29,27-9-2018  10:53:7,29.5493,29.01,29.06,29.3700 x 1100,29.3800 x 1800,27013609
30,27-9-2018  10:53:36,29.55,29.01,29.06,29.38 x 3100,29.39 x 800,27013609
31,27-9-2018  10:54:4,29.5499,29.01,29.06,29.3800 x 3100,29.3900 x 800,27013609
32,27-9-2018  10:54:33,29.55,29.01,29.06,29.40 x 1800,29.41 x 800,27013609
33,27-9-2018  10:55:1,29.56,29.01,29.06,29.40 x 1800,29.41 x 800,27013609
34,27-9-2018  10:55:29,29.615,29.01,29.06,29.390 x 1800,29.400 x 4000,27013609
35,27-9-2018  10:55:58,29.62,29.01,29.06,29.36 x 1800,29.37 x 3100,27013609
36,27-9-2018  10:56:26,29.6495,29.01,29.06,29.3600 x 1800,29.3700 x 3100,27013609
37,27-9-2018  10:56:55,29.66,29.01,29.06,29.41 x 4000,29.42 x 800,27013609
38,27-9-2018  10:57:23,29.64,29.01,29.06,29.410 x 4000,29.420 x 800,27013609
39,27-9-2018  10:57:51,29.6,29.01,29.06,29.400 x 3100,29.410 x 1000,27013609
40,27-9-2018  10:58:20,29.6,29.01,29.06,29.40 x 3100,29.41 x 1000,27013609
41,27-9-2018  10:58:49,29.58,29.01,29.06,29.45 x 1300,29.46 x 2900,27013609
42,27-9-2018  10:59:17,29.56,29.01,29.06,29.4500 x 1300,29.4600 x 2900,27013609
43,27-9-2018  10:59:46,29.58,29.01,29.06,29.43 x 1800,29.44 x 1300,27013609
44,27-9-2018  11:0:14,29.6105,29.01,29.06,29.4300 x 2200,29.4400 x 800,27013609
45,27-9-2018  11:0:42,29.61,29.01,29.06,29.43 x 2200,29.44 x 800,27013609
46,27-9-2018  11:1:10,29.61,29.01,29.06,29.49 x 3000,29.50 x 1100,27013609
47,27-9-2018  11:1:39,29.62,29.01,29.06,29.4900 x 3000,29.5000 x 1100,27013609
48,27-9-2018  11:2:7,29.62,29.01,29.06,29.47 x 3200,29.48 x 800,27013609
49,27-9-2018  11:2:36,29.565,29.01,29.06,29.470 x 3200,29.480 x 800,27013609
50,27-9-2018  11:3:5,29.5401,29.01,29.06,29.4600 x 800,29.4700 x 3000,27013609
51,27-9-2018  11:3:33,29.5768,29.01,29.06,29.4600 x 800,29.4700 x 3000,27013609
52,27-9-2018  11:4:2,29.56,29.01,29.06,29.45 x 800,29.46 x 2200,27013609
53,27-9-2018  11:4:31,29.55,29.01,29.06,29.4100 x 800,29.4200 x 1400,27013609
54,27-9-2018  11:4:59,29.595,29.01,29.06,29.410 x 800,29.420 x 1400,27013609
55,27-9-2018  11:5:28,29.595,29.01,29.06,29.420 x 4000,29.430 x 900,27013609
56,27-9-2018  11:5:57,29.595,29.01,29.06,29.4200 x 4000,29.4300 x 900,27013609
57,27-9-2018  11:6:25,29.6,29.01,29.06,29.46 x 900,29.47 x 1100,27013609
58,27-9-2018  11:6:54,29.58,29.01,29.06,29.46 x 900,29.47 x 1100,27013609
59,27-9-2018  11:7:23,29.585,29.01,29.06,29.480 x 900,29.490 x 1100,27013609
60,27-9-2018  11:7:52,29.576,29.01,29.06,29.540 x 4000,29.550 x 800,27013609
61,27-9-2018  11:8:20,29.5839,29.01,29.06,29.5400 x 4000,29.5500 x 800,27013609
62,27-9-2018  11:8:49,29.58,29.01,29.06,29.54 x 1200,29.55 x 2900,27013609
63,27-9-2018  11:9:18,29.57,29.01,29.06,29.54 x 1200,29.55 x 2900,27013609
64,27-9-2018  11:9:46,29.56,29.01,29.06,29.54 x 1100,29.55 x 3200,27013609
65,27-9-2018  11:10:15,29.56,29.01,29.06,29.56 x 1100,29.57 x 800,27013609
66,27-9-2018  11:10:43,29.55,29.01,29.06,29.56 x 1100,29.57 x 800,27013609
67,27-9-2018  11:11:11,29.55,29.01,29.06,29.62 x 1100,29.63 x 1300,27013609
68,27-9-2018  11:11:40,29.53,29.01,29.06,29.65 x 900,29.66 x 800,27013609
69,27-9-2018  11:12:9,29.54,29.01,29.06,29.65 x 900,29.66 x 800,27013609
70,27-9-2018  11:12:37,29.53,29.01,29.06,29.64 x 3000,29.65 x 800,27013609
71,27-9-2018  11:13:6,29.52,29.01,29.06,29.64 x 3000,29.65 x 800,27013609
72,27-9-2018  11:13:35,29.52,29.01,29.06,29.60 x 800,29.61 x 800,27013609
73,27-9-2018  11:14:4,29.5128,29.01,29.06,29.6000 x 800,29.6100 x 800,27013609
74,27-9-2018  11:14:32,29.52,29.01,29.06,29.55 x 1400,29.56 x 1400,27013609
75,27-9-2018  11:15:1,29.51,29.01,29.06,29.58 x 1800,29.59 x 1400,27013609
76,27-9-2018  11:15:29,29.51,29.01,29.06,29.58 x 1800,29.59 x 1400,27013609
77,27-9-2018  11:15:58,29.5127,29.01,29.06,29.5800 x 1800,29.5900 x 800,27013609
78,27-9-2018  11:16:27,29.52,29.01,29.06,29.6100 x 1800,29.6200 x 800,27013609
79,27-9-2018  11:16:55,29.5147,29.01,29.06,29.6200 x 1800,29.6300 x 800,27013609
80,27-9-2018  11:17:24,29.53,29.01,29.06,29.5800 x 900,29.5900 x 1300,27013609
81,27-9-2018  11:17:52,29.53,29.01,29.06,29.58 x 900,29.59 x 1300,27013609
82,27-9-2018  11:18:21,29.53,29.01,29.06,29.53 x 1800,29.54 x 1800,27013609
83,27-9-2018  11:18:50,29.52,29.01,29.06,29.53 x 1800,29.54 x 1800,27013609
84,27-9-2018  11:19:18,29.51,29.01,29.06,29.54 x 1100,29.55 x 3200,27013609
85,27-9-2018  11:19:46,29.51,29.01,29.06,29.5400 x 1100,29.5500 x 3200,27013609
86,27-9-2018  11:20:15,29.53,29.01,29.06,29.56 x 2200,29.57 x 800,27013609
87,27-9-2018  11:20:44,29.5299,29.01,29.06,29.5600 x 2200,29.5700 x 800,27013609
88,27-9-2018  11:21:12,29.52,29.01,29.06,29.58 x 1300,29.59 x 3200,27013609
89,27-9-2018  11:21:41,29.53,29.01,29.06,29.58 x 1300,29.59 x 3200,27013609
90,27-9-2018  11:22:10,29.52,29.01,29.06,29.58 x 2900,29.59 x 800,27013609
91,27-9-2018  11:22:38,29.52,29.01,29.06,29.57 x 800,29.58 x 2900,27013609
92,27-9-2018  11:23:7,29.53,29.01,29.06,29.5700 x 1200,29.5800 x 1400,27013609
93,27-9-2018  11:23:35,29.5301,29.01,29.06,29.5800 x 3200,29.5900 x 1000,27013609
94,27-9-2018  11:24:5,29.545,29.01,29.06,29.5800 x 3200,29.5900 x 1000,27013609
95,27-9-2018  11:24:33,29.53,29.01,29.06,29.57 x 800,29.58 x 2200,27013609
96,27-9-2018  11:25:3,29.54,29.01,29.06,29.57 x 800,29.58 x 2200,27013609
97,27-9-2018  11:25:32,29.56,29.01,29.06,29.5700 x 2200,29.5800 x 1400,27013609
98,27-9-2018  11:26:1,29.545,29.01,29.06,29.540 x 1200,29.550 x 4000,27013609
99,27-9-2018  11:26:30,29.54,29.01,29.06,29.54 x 1800,29.55 x 1800,27013609
100,27-9-2018  11:26:58,29.55,29.01,29.06,29.53 x 800,29.54 x 3000,27013609
101,27-9-2018  11:27:27,29.549,29.01,29.06,29.530 x 800,29.540 x 3000,27013609
102,27-9-2018  11:27:56,29.545,29.01,29.06,29.530 x 800,29.540 x 3200,27013609
103,27-9-2018  11:28:24,29.55,29.01,29.06,29.530 x 800,29.540 x 3200,27013609
104,27-9-2018  11:28:53,29.545,29.01,29.06,29.530 x 900,29.540 x 1800,27013609
105,27-9-2018  11:29:21,29.55,29.01,29.06,29.51 x 800,29.52 x 3100,27013609
106,27-9-2018  11:29:50,29.545,29.01,29.06,29.520 x 3200,29.530 x 3100,27013609
107,27-9-2018  11:30:18,29.545,29.01,29.06,29.510 x 3200,29.520 x 2200,27013609
108,27-9-2018  11:30:47,29.54,29.01,29.06,29.51 x 3200,29.52 x 2200,27013609
109,27-9-2018  11:31:15,29.55,29.01,29.06,29.51 x 1400,29.52 x 800,27013609
110,27-9-2018  11:31:44,29.545,29.01,29.06,29.52 x 3100,29.53 x 800,27013609
111,27-9-2018  11:32:12,29.545,29.01,29.06,29.520 x 3100,29.530 x 800,27013609
112,27-9-2018  11:32:40,29.545,29.01,29.06,29.520 x 2200,29.530 x 800,27013609
113,27-9-2018  11:33:8,29.5655,29.01,29.06,29.5200 x 2200,29.5300 x 1100,27013609
114,27-9-2018  11:33:36,29.56,29.01,29.06,29.52 x 1200,29.53 x 1800,27013609
115,27-9-2018  11:34:5,29.58,29.01,29.06,29.520 x 1000,29.530 x 2200,27013609
116,27-9-2018  11:34:34,29.58,29.01,29.06,29.52 x 1000,29.53 x 2200,27013609
117,27-9-2018  11:35:2,29.59,29.01,29.06,29.50 x 1300,29.51 x 2200,27013609
118,27-9-2018  11:35:31,29.595,29.01,29.06,29.530 x 1300,29.540 x 1100,27013609
119,27-9-2018  11:36:0,29.595,29.01,29.06,29.530 x 1300,29.540 x 1100,27013609
120,27-9-2018  11:36:28,29.577,29.01,29.06,29.530 x 3200,29.540 x 800,27013609
121,27-9-2018  11:36:57,29.575,29.01,29.06,29.53 x 2200,29.54 x 4000,27013609
122,27-9-2018  11:37:25,29.575,29.01,29.06,29.530 x 1200,29.540 x 2200,27013609
123,27-9-2018  11:37:55,29.565,29.01,29.06,29.510 x 900,29.520 x 3100,27013609
124,27-9-2018  11:38:23,29.565,29.01,29.06,29.510 x 900,29.520 x 3100,27013609
125,27-9-2018  11:38:52,29.57,29.01,29.06,29.51 x 1300,29.52 x 800,27013609
126,27-9-2018  11:39:20,29.565,29.01,29.06,29.540 x 3200,29.550 x 800,27013609
127,27-9-2018  11:39:48,29.52,29.01,29.06,29.54 x 800,29.55 x 1800,27013609
128,27-9-2018  11:40:17,29.525,29.01,29.06,29.540 x 1800,29.550 x 1300,27013609
129,27-9-2018  11:40:45,29.53,29.01,29.06,29.52 x 800,29.53 x 3200,27013609
130,27-9-2018  11:41:14,29.53,29.01,29.06,29.52 x 800,29.53 x 1400,27013609
131,27-9-2018  11:41:43,29.545,29.01,29.06,29.5300 x 800,29.5400 x 1800,27013609
132,27-9-2018  11:42:11,29.56,29.01,29.06,29.5300 x 800,29.5400 x 1800,27013609
133,27-9-2018  11:42:39,29.58,29.01,29.06,29.53 x 2200,29.54 x 1800,27013609
134,27-9-2018  11:43:7,29.575,29.01,29.06,29.530 x 2200,29.540 x 1800,27013609
135,27-9-2018  11:43:36,29.605,29.01,29.06,29.530 x 2200,29.540 x 2200,27013609
136,27-9-2018  11:44:4,29.597,29.01,29.06,29.530 x 2200,29.540 x 1400,27013609
137,27-9-2018  11:44:32,29.59,29.01,29.06,29.53 x 800,29.54 x 2900,27013609
138,27-9-2018  11:45:1,29.6,29.01,29.06,29.53 x 1100,29.54 x 3200,27013609
139,27-9-2018  11:45:29,29.59,29.01,29.06,29.53 x 1300,29.54 x 3200,27013609
140,27-9-2018  11:45:57,29.58,29.01,29.06,29.53 x 2200,29.54 x 1800,27013609
141,27-9-2018  11:46:26,29.57,29.01,29.06,29.53 x 2200,29.54 x 1800,27013609
142,27-9-2018  11:46:54,29.57,29.01,29.06,29.53 x 1400,29.54 x 2900,27013609
143,27-9-2018  11:47:22,29.58,29.01,29.06,29.53 x 800,29.54 x 3000,27013609
144,27-9-2018  11:47:51,29.57,29.01,29.06,29.550 x 3200,29.560 x 800,27013609
145,27-9-2018  11:48:19,29.57,29.01,29.06,29.5500 x 3200,29.5600 x 800,27013609
146,27-9-2018  11:48:48,29.58,29.01,29.06,29.55 x 3200,29.56 x 1800,27013609
147,27-9-2018  11:49:17,29.575,29.01,29.06,29.5700 x 3200,29.5800 x 900,27013609
148,27-9-2018  11:49:45,29.57,29.01,29.06,29.57 x 3200,29.58 x 900,27013609
149,27-9-2018  11:50:14,29.5722,29.01,29.06,29.5800 x 2200,29.5900 x 1100,27013609
150,27-9-2018  11:50:43,29.59,29.01,29.06,29.58 x 2200,29.59 x 1100,27013609
151,27-9-2018  11:51:12,29.5801,29.01,29.06,29.5800 x 1100,29.5900 x 4000,27013609
152,27-9-2018  11:51:40,29.58,29.01,29.06,29.58 x 800,29.59 x 4000,27013609
153,27-9-2018  11:52:9,29.575,29.01,29.06,29.580 x 800,29.590 x 4000,27013609
154,27-9-2018  11:52:37,29.575,29.01,29.06,29.580 x 800,29.590 x 3000,27013609
155,27-9-2018  11:53:6,29.575,29.01,29.06,29.5600 x 800,29.5700 x 2200,27013609
156,27-9-2018  11:53:34,29.575,29.01,29.06,29.560 x 800,29.570 x 2200,27013609
157,27-9-2018  11:54:3,29.56,29.01,29.06,29.56 x 2200,29.57 x 2200,27013609
158,27-9-2018  11:54:32,29.552,29.01,29.06,29.560 x 800,29.570 x 3200,27013609
159,27-9-2018  11:55:0,29.55,29.01,29.06,29.56 x 800,29.57 x 1800,27013609
160,27-9-2018  11:55:28,29.575,29.01,29.06,29.5100 x 1200,29.5200 x 3000,27013609
161,27-9-2018  11:55:57,29.572,29.01,29.06,29.510 x 1200,29.520 x 3000,27013609
162,27-9-2018  11:56:26,29.585,29.01,29.06,29.5300 x 1400,29.5400 x 800,27013609
163,27-9-2018  11:56:54,29.5966,29.01,29.06,29.5300 x 1400,29.5400 x 800,27013609
164,27-9-2018  11:57:23,29.61,29.01,29.06,29.530 x 1000,29.540 x 1800,27013609
165,27-9-2018  11:57:51,29.64,29.01,29.06,29.57 x 2900,29.58 x 1400,27013609
166,27-9-2018  11:58:20,29.62,29.01,29.06,29.57 x 800,29.57 x 1800,27013609
167,27-9-2018  11:58:49,29.635,29.01,29.06,29.580 x 3200,29.570 x 1800,27013609
168,27-9-2018  11:59:17,29.645,29.01,29.06,29.580 x 3200,29.600 x 2200,27013609
169,27-9-2018  11:59:47,29.635,29.01,29.06,29.600 x 4000,29.600 x 2200,27013609
170,27-9-2018  12:0:15,29.6299,29.01,29.06,29.6000 x 2200,29.6100 x 800,27013609
171,27-9-2018  12:0:45,29.61,29.01,29.06,29.60 x 2200,29.61 x 800,27013609
172,27-9-2018  12:1:14,29.59,29.01,29.06,29.56 x 1200,29.57 x 4000,27013609
173,27-9-2018  12:1:42,29.6,29.01,29.06,29.56 x 1200,29.57 x 4000,27013609
174,27-9-2018  12:2:11,29.57,29.01,29.06,29.5600 x 3200,29.5700 x 1100,27013609
175,27-9-2018  12:2:39,29.57,29.01,29.06,29.56 x 800,29.57 x 1800,27013609
176,27-9-2018  12:3:9,29.5246,29.01,29.06,29.5600 x 800,29.5700 x 1800,27013609
177,27-9-2018  12:3:38,29.51,29.01,29.06,29.56 x 1800,29.57 x 1300,27013609
178,27-9-2018  12:4:6,29.51,29.01,29.06,29.5600 x 800,29.5700 x 2900,27013609
179,27-9-2018  12:4:35,29.5207,29.01,29.06,29.5600 x 800,29.5700 x 2200,27013609
180,27-9-2018  12:5:3,29.5275,29.01,29.06,29.5600 x 1200,29.5700 x 2200,27013609
181,27-9-2018  12:5:32,29.52,29.01,29.06,29.5800 x 4000,29.5900 x 800,27013609
182,27-9-2018  12:6:0,29.525,29.01,29.06,29.5800 x 4000,29.5900 x 800,27013609
183,27-9-2018  12:6:29,29.52,29.01,29.06,29.58 x 4000,29.59 x 800,27013609
184,27-9-2018  12:6:58,29.52,29.01,29.06,29.58 x 4000,29.59 x 3200,27013609
185,27-9-2018  12:7:26,29.53,29.01,29.06,29.57 x 4000,29.58 x 3200,27013609
186,27-9-2018  12:7:55,29.5201,29.01,29.06,29.5700 x 2200,29.5800 x 800,27013609
187,27-9-2018  12:8:23,29.515,29.01,29.06,29.570 x 1300,29.580 x 1800,27013609
188,27-9-2018  12:8:51,29.51,29.01,29.06,29.56 x 800,29.57 x 1300,27013609
189,27-9-2018  12:9:20,29.515,29.01,29.06,29.560 x 800,29.570 x 1300,27013609
190,27-9-2018  12:9:49,29.525,29.01,29.06,29.560 x 800,29.570 x 1300,27013609
191,27-9-2018  12:10:18,29.535,29.01,29.06,29.560 x 1800,29.570 x 800,27013609
192,27-9-2018  12:10:46,29.52,29.01,29.06,29.5600 x 1800,29.5700 x 800,27013609
193,27-9-2018  12:11:15,29.505,29.01,29.06,29.560 x 1800,29.570 x 800,27013609
194,27-9-2018  12:11:43,29.5091,29.01,29.06,29.5800 x 3200,29.5900 x 1000,27013609
195,27-9-2018  12:12:12,29.505,29.01,29.06,29.5800 x 1200,29.5900 x 1400,27013609
196,27-9-2018  12:12:41,29.5065,29.01,29.06,29.6100 x 2200,29.6200 x 900,27013609
197,27-9-2018  12:13:8,29.51,29.01,29.06,29.61 x 2200,29.62 x 900,27013609
198,27-9-2018  12:13:37,29.52,29.01,29.06,29.62 x 2200,29.63 x 2900,27013609
199,27-9-2018  12:14:6,29.515,29.01,29.06,29.620 x 2200,29.630 x 2900,27013609
200,27-9-2018  12:14:35,29.51,29.01,29.06,29.6300 x 4000,29.6400 x 1400,27013609
201,27-9-2018  12:15:3,29.51,29.01,29.06,29.630 x 4000,29.640 x 1400,27013609
202,27-9-2018  12:15:32,29.515,29.01,29.06,29.6300 x 800,29.6400 x 4000,27013609
203,27-9-2018  12:16:0,29.53,29.01,29.06,29.61 x 800,29.62 x 4000,27013609
204,27-9-2018  12:16:29,29.53,29.01,29.06,29.61 x 800,29.62 x 2900,27013609
205,27-9-2018  12:16:58,29.53,29.01,29.06,29.58 x 800,29.59 x 1800,27013609
206,27-9-2018  12:17:26,29.51,29.01,29.06,29.58 x 800,29.59 x 1800,27013609
207,27-9-2018  12:17:55,29.48,29.01,29.06,29.56 x 900,29.57 x 4000,27013609
208,27-9-2018  12:18:23,29.473,29.01,29.06,29.560 x 900,29.570 x 4000,27013609
209,27-9-2018  12:18:51,29.5,29.01,29.06,29.51 x 900,29.57 x 800,27013609
210,27-9-2018  12:19:20,29.495,29.01,29.06,29.510 x 900,29.520 x 800,27013609
211,27-9-2018  12:19:48,29.495,29.01,29.06,29.510 x 1200,29.520 x 2200,27013609
212,27-9-2018  12:20:16,29.495,29.01,29.06,29.510 x 1200,29.520 x 2200,27013609
213,27-9-2018  12:20:45,29.49,29.01,29.06,29.510 x 900,29.520 x 1400,27013609
214,27-9-2018  12:21:13,29.505,29.01,29.06,29.530 x 800,29.540 x 900,27013609
215,27-9-2018  12:21:41,29.52,29.01,29.06,29.53 x 800,29.54 x 900,27013609
216,27-9-2018  12:22:10,29.51,29.01,29.06,29.530 x 1800,29.540 x 1000,27013609
217,27-9-2018  12:22:38,29.5,29.01,29.06,29.530 x 4000,29.540 x 800,27013609
218,27-9-2018  12:23:8,29.5,29.01,29.06,29.53 x 4000,29.54 x 800,27013609
219,27-9-2018  12:23:37,29.49,29.01,29.06,29.510 x 800,29.520 x 3100,27013609
220,27-9-2018  12:24:6,29.48,29.01,29.06,29.5100 x 1300,29.5200 x 800,27013609
221,27-9-2018  12:24:35,29.48,29.01,29.06,29.52 x 1400,29.52 x 800,27013609
222,27-9-2018  12:25:3,29.48,29.01,29.06,29.520 x 1400,29.530 x 800,27013609
223,27-9-2018  12:25:32,29.49,29.01,29.06,29.5300 x 1800,29.5400 x 800,27013609
224,27-9-2018  12:26:1,29.5,29.01,29.06,29.53 x 1800,29.54 x 800,27013609
225,27-9-2018  12:26:29,29.505,29.01,29.06,29.530 x 1800,29.540 x 900,27013609
226,27-9-2018  12:26:58,29.5,29.01,29.06,29.53 x 1800,29.54 x 1000,27013609
227,27-9-2018  12:27:26,29.5,29.01,29.06,29.53 x 1800,29.54 x 1100,27013609
228,27-9-2018  12:27:55,29.495,29.01,29.06,29.530 x 1800,29.540 x 2200,27013609
229,27-9-2018  12:28:23,29.505,29.01,29.06,29.510 x 1800,29.520 x 1400,27013609
230,27-9-2018  12:28:52,29.515,29.01,29.06,29.510 x 1800,29.520 x 1400,27013609
231,27-9-2018  12:29:21,29.52,29.01,29.06,29.50 x 800,29.52 x 800,27013609
232,27-9-2018  12:29:50,29.51,29.01,29.06,29.500 x 800,29.520 x 800,27013609
233,27-9-2018  12:30:18,29.5,29.01,29.06,29.52 x 1200,29.53 x 2200,27013609
234,27-9-2018  12:30:47,29.495,29.01,29.06,29.5200 x 1200,29.5300 x 2200,27013609
235,27-9-2018  12:31:15,29.5,29.01,29.06,29.52 x 1800,29.53 x 800,27013609
236,27-9-2018  12:31:44,29.5,29.01,29.06,29.53 x 1800,29.54 x 800,27013609
237,27-9-2018  12:32:13,29.49,29.01,29.06,29.53 x 1800,29.54 x 800,27013609
238,27-9-2018  12:32:42,29.49,29.01,29.06,29.48 x 1800,29.49 x 4000,27013609
239,27-9-2018  12:33:11,29.48,29.01,29.06,29.480 x 1800,29.490 x 4000,27013609
240,27-9-2018  12:33:39,29.49,29.01,29.06,29.48 x 1800,29.49 x 4000,27013609
241,27-9-2018  12:34:8,29.494,29.01,29.06,29.4800 x 900,29.4900 x 1400,27013609
242,27-9-2018  12:34:37,29.5,29.01,29.06,29.480 x 3200,29.490 x 1100,27013609
243,27-9-2018  12:35:6,29.495,29.01,29.06,29.4800 x 3000,29.4900 x 800,27013609
244,27-9-2018  12:35:34,29.5,29.01,29.06,29.48 x 3000,29.49 x 3100,27013609
245,27-9-2018  12:36:2,29.5,29.01,29.06,29.48 x 3000,29.49 x 3100,27013609
246,27-9-2018  12:36:31,29.505,29.01,29.06,29.500 x 2200,29.510 x 3100,27013609
247,27-9-2018  12:36:59,29.51,29.01,29.06,29.50 x 2200,29.51 x 3100,27013609
248,27-9-2018  12:37:28,29.5,29.01,29.06,29.50 x 800,29.51 x 3200,27013609
249,27-9-2018  12:37:57,29.52,29.01,29.06,29.50 x 800,29.51 x 3200,27013609
250,27-9-2018  12:38:25,29.535,29.01,29.06,29.490 x 800,29.500 x 3000,27013609
251,27-9-2018  12:38:54,29.54,29.01,29.06,29.49 x 800,29.50 x 1800,27013609
252,27-9-2018  12:39:23,29.545,29.01,29.06,29.490 x 900,29.500 x 3000,27013609
253,27-9-2018  12:39:52,29.56,29.01,29.06,29.48 x 900,29.49 x 3000,27013609
254,27-9-2018  12:40:21,29.5582,29.01,29.06,29.4800 x 1300,29.4900 x 800,27013609
255,27-9-2018  12:40:49,29.545,29.01,29.06,29.480 x 2200,29.490 x 800,27013609
256,27-9-2018  12:41:18,29.55,29.01,29.06,29.5100 x 3200,29.5200 x 800,27013609
257,27-9-2018  12:41:47,29.55,29.01,29.06,29.51 x 3200,29.52 x 800,27013609
258,27-9-2018  12:42:15,29.5231,29.01,29.06,29.5100 x 3200,29.5000 x 3000,27013609
259,27-9-2018  12:42:44,29.55,29.01,29.06,29.49 x 3200,29.50 x 3000,27013609
260,27-9-2018  12:43:13,29.57,29.01,29.06,29.50 x 3000,29.51 x 1300,27013609
261,27-9-2018  12:43:41,29.553,29.01,29.06,29.500 x 3000,29.510 x 1300,27013609
262,27-9-2018  12:44:10,29.555,29.01,29.06,29.510 x 3100,29.520 x 800,27013609
263,27-9-2018  12:44:38,29.5561,29.01,29.06,29.5100 x 3100,29.5200 x 800,27013609
264,27-9-2018  12:45:7,29.58,29.01,29.06,29.51 x 800,29.52 x 1200,27013609
265,27-9-2018  12:45:35,29.57,29.01,29.06,29.49 x 800,29.50 x 1800,27013609
266,27-9-2018  12:46:4,29.57,29.01,29.06,29.49 x 800,29.49 x 3000,27013609
267,27-9-2018  12:46:33,29.585,29.01,29.06,29.500 x 1800,29.490 x 3000,27013609
268,27-9-2018  12:47:1,29.58,29.01,29.06,29.500 x 1400,29.500 x 1400,27013609
269,27-9-2018  12:47:29,29.57,29.01,29.06,29.48 x 900,29.50 x 1400,27013609
270,27-9-2018  12:47:58,29.55,29.01,29.06,29.48 x 900,29.50 x 1400,27013609
271,27-9-2018  12:48:27,29.55,29.01,29.06,29.48 x 3200,29.50 x 1400,27013609
272,27-9-2018  12:48:56,29.5401,29.01,29.06,29.480 x 3200,29.500 x 1400,27013609
273,27-9-2018  12:49:25,29.565,29.01,29.06,29.480 x 3200,29.500 x 1400,27013609
274,27-9-2018  12:49:54,29.58,29.01,29.06,29.48 x 1100,29.50 x 1400,27013609
275,27-9-2018  12:50:22,29.56,29.01,29.06,29.48 x 1400,29.49 x 3100,27013609
276,27-9-2018  12:50:51,29.56,29.01,29.06,29.480 x 1400,29.490 x 3100,27013609
277,27-9-2018  12:51:20,29.58,29.01,29.06,29.48 x 1200,29.49 x 2200,27013609
278,27-9-2018  12:51:48,29.585,29.01,29.06,29.500 x 2900,29.510 x 800,27013609
279,27-9-2018  12:52:17,29.58,29.01,29.06,29.500 x 2900,29.510 x 800,27013609
280,27-9-2018  12:52:46,29.59,29.01,29.06,29.51 x 4000,29.52 x 800,27013609
281,27-9-2018  12:53:14,29.61,29.01,29.06,29.51 x 4000,29.52 x 800,27013609
282,27-9-2018  12:53:43,29.62,29.01,29.06,29.53 x 3200,29.54 x 900,27013609
283,27-9-2018  12:54:12,29.6225,29.01,29.06,29.5300 x 3200,29.5400 x 900,27013609
284,27-9-2018  12:54:42,29.63,29.01,29.06,29.55 x 2200,29.56 x 900,27013609
285,27-9-2018  12:55:10,29.63,29.01,29.06,29.550 x 1800,29.560 x 900,27013609
286,27-9-2018  12:55:39,29.62,29.01,29.06,29.54 x 900,29.55 x 3100,27013609
287,27-9-2018  12:56:7,29.62,29.01,29.06,29.54 x 900,29.55 x 3100,27013609
288,27-9-2018  12:56:36,29.61,29.01,29.06,29.53 x 800,29.54 x 1300,27013609
289,27-9-2018  12:57:5,29.62,29.01,29.06,29.53 x 800,29.54 x 1300,27013609
290,27-9-2018  12:57:33,29.62,29.01,29.06,29.53 x 3000,29.54 x 1300,27013609
291,27-9-2018  12:58:2,29.62,29.01,29.06,29.53 x 3000,29.54 x 1300,27013609
292,27-9-2018  12:58:30,29.6043,29.01,29.06,29.5600 x 3200,29.5700 x 2200,27013609
293,27-9-2018  12:58:59,29.59,29.01,29.06,29.56 x 3200,29.57 x 2200,27013609
294,27-9-2018  12:59:28,29.58,29.01,29.06,29.540 x 800,29.570 x 800,27013609
295,27-9-2018  12:59:57,29.55,29.01,29.06,29.54 x 800,29.57 x 800,27013609
296,27-9-2018  13:0:26,29.545,29.01,29.06,29.560 x 800,29.570 x 800,27013609
297,27-9-2018  13:0:55,29.57,29.01,29.06,29.560 x 800,29.570 x 800,27013609
298,27-9-2018  13:1:24,29.56,29.01,29.06,29.580 x 3000,29.570 x 800,27013609
299,27-9-2018  13:1:52,29.57,29.01,29.06,29.58 x 3000,29.59 x 800,27013609
300,27-9-2018  13:2:21,29.56,29.01,29.06,29.580 x 900,29.590 x 800,27013609
301,27-9-2018  13:2:50,29.568,29.01,29.06,29.560 x 1100,29.570 x 2900,27013609
302,27-9-2018  13:3:18,29.58,29.01,29.06,29.56 x 1100,29.57 x 2900,27013609
303,27-9-2018  13:3:46,29.57,29.01,29.06,29.560 x 1200,29.570 x 1300,27013609
304,27-9-2018  13:4:15,29.57,29.01,29.06,29.54 x 1200,29.55 x 2200,27013609
305,27-9-2018  13:4:44,29.58,29.01,29.06,29.57 x 1800,29.58 x 1800,27013609
306,27-9-2018  13:5:13,29.58,29.01,29.06,29.57 x 1800,29.58 x 1800,27013609
307,27-9-2018  13:5:42,29.58,29.01,29.06,29.54 x 800,29.55 x 3100,27013609
308,27-9-2018  13:6:11,29.6,29.01,29.06,29.54 x 800,29.55 x 3100,27013609
309,27-9-2018  13:6:40,29.58,29.01,29.06,29.58 x 3200,29.59 x 800,27013609
310,27-9-2018  13:7:10,29.59,29.01,29.06,29.58 x 3200,29.59 x 800,27013609
311,27-9-2018  13:7:39,29.59,29.01,29.06,29.5800 x 3200,29.5900 x 800,27013609
312,27-9-2018  13:8:8,29.59,29.01,29.06,29.58 x 4000,29.59 x 1800,27013609
313,27-9-2018  13:8:37,29.6,29.01,29.06,29.61 x 4000,29.62 x 1000,27013609
314,27-9-2018  13:9:7,29.5999,29.01,29.06,29.6100 x 4000,29.6200 x 1000,27013609
315,27-9-2018  13:9:35,29.62,29.01,29.06,29.6100 x 800,29.6200 x 1000,27013609
316,27-9-2018  13:10:4,29.615,29.01,29.06,29.6100 x 800,29.6200 x 1800,27013609
317,27-9-2018  13:10:33,29.61,29.01,29.06,29.61 x 800,29.62 x 1800,27013609
318,27-9-2018  13:11:2,29.62,29.01,29.06,29.62 x 1300,29.63 x 900,27013609
319,27-9-2018  13:11:31,29.63,29.01,29.06,29.62 x 1300,29.63 x 900,27013609
320,27-9-2018  13:12:0,29.64,29.01,29.06,29.62 x 4000,29.63 x 1000,27013609
321,27-9-2018  13:12:29,29.63,29.01,29.06,29.62 x 4000,29.63 x 1000,27013609
322,27-9-2018  13:12:58,29.61,29.01,29.06,29.62 x 800,29.63 x 1800,27013609
323,27-9-2018  13:13:27,29.6,29.01,29.06,29.62 x 2200,29.63 x 900,27013609
324,27-9-2018  13:13:56,29.59,29.01,29.06,29.6200 x 1100,29.6300 x 1800,27013609
325,27-9-2018  13:14:24,29.5934,29.01,29.06,29.6200 x 1100,29.6300 x 1800,27013609
326,27-9-2018  13:14:53,29.57,29.01,29.06,29.58 x 900,29.59 x 1800,27013609
327,27-9-2018  13:15:22,29.58,29.01,29.06,29.56 x 900,29.57 x 1400,27013609
328,27-9-2018  13:15:51,29.58,29.01,29.06,29.55 x 900,29.56 x 1000,27013609
329,27-9-2018  13:16:20,29.58,29.01,29.06,29.55 x 900,29.56 x 1000,27013609
330,27-9-2018  13:16:49,29.57,29.01,29.06,29.56 x 1200,29.57 x 900,27013609
331,27-9-2018  13:17:18,29.56,29.01,29.06,29.56 x 1200,29.57 x 900,27013609
332,27-9-2018  13:17:47,29.54,29.01,29.06,29.5500 x 1200,29.5600 x 3200,27013609
333,27-9-2018  13:18:15,29.535,29.01,29.06,29.570 x 1200,29.580 x 1200,27013609
334,27-9-2018  13:18:43,29.54,29.01,29.06,29.57 x 1200,29.58 x 1200,27013609
335,27-9-2018  13:19:12,29.525,29.01,29.06,29.5700 x 1200,29.5800 x 1200,27013609
336,27-9-2018  13:19:41,29.53,29.01,29.06,29.57 x 1000,29.58 x 900,27013609
337,27-9-2018  13:20:10,29.52,29.01,29.06,29.58 x 1400,29.59 x 900,27013609
338,27-9-2018  13:20:39,29.54,29.01,29.06,29.59 x 3200,29.60 x 800,27013609
339,27-9-2018  13:21:8,29.55,29.01,29.06,29.59 x 3200,29.60 x 800,27013609
340,27-9-2018  13:21:37,29.54,29.01,29.06,29.58 x 800,29.59 x 4000,27013609
341,27-9-2018  13:22:5,29.55,29.01,29.06,29.58 x 1800,29.59 x 1000,27013609
342,27-9-2018  13:22:34,29.56,29.01,29.06,29.58 x 1800,29.59 x 1000,27013609
343,27-9-2018  13:23:3,29.54,29.01,29.06,29.59 x 3200,29.60 x 3200,27013609
344,27-9-2018  13:23:31,29.55,29.01,29.06,29.590 x 3200,29.600 x 3200,27013609
345,27-9-2018  13:24:1,29.535,29.01,29.06,29.590 x 2200,29.600 x 3200,27013609
346,27-9-2018  13:24:29,29.54,29.01,29.06,29.60 x 3000,29.61 x 900,27013609
347,27-9-2018  13:24:58,29.545,29.01,29.06,29.600 x 3000,29.610 x 900,27013609
348,27-9-2018  13:25:27,29.555,29.01,29.06,29.600 x 800,29.610 x 3100,27013609
349,27-9-2018  13:25:56,29.54,29.01,29.06,29.60 x 800,29.61 x 3100,27013609
350,27-9-2018  13:26:26,29.54,29.01,29.06,29.61 x 800,29.62 x 1800,27013609
351,27-9-2018  13:26:54,29.55,29.01,29.06,29.61 x 2900,29.62 x 800,27013609
352,27-9-2018  13:27:23,29.554,29.01,29.06,29.630 x 2200,29.640 x 800,27013609
353,27-9-2018  13:27:53,29.55,29.01,29.06,29.63 x 2200,29.64 x 800,27013609
354,27-9-2018  13:28:22,29.555,29.01,29.06,29.630 x 2200,29.640 x 1100,27013609
355,27-9-2018  13:28:50,29.56,29.01,29.06,29.60 x 1000,29.61 x 2200,27013609
356,27-9-2018  13:29:19,29.55,29.01,29.06,29.59 x 2900,29.60 x 800,27013609
357,27-9-2018  13:29:47,29.56,29.01,29.06,29.59 x 2900,29.60 x 800,27013609
358,27-9-2018  13:30:16,29.54,29.01,29.06,29.59 x 2900,29.60 x 800,27013609
359,27-9-2018  13:30:45,29.55,29.01,29.06,29.57 x 2900,29.58 x 3000,27013609
360,27-9-2018  13:31:14,29.55,29.01,29.06,29.59 x 3200,29.60 x 900,27013609
361,27-9-2018  13:31:42,29.54,29.01,29.06,29.59 x 3200,29.60 x 900,27013609
362,27-9-2018  13:32:12,29.55,29.01,29.06,29.56 x 900,29.57 x 3200,27013609
363,27-9-2018  13:32:41,29.55,29.01,29.06,29.56 x 900,29.57 x 3200,27013609
364,27-9-2018  13:33:10,29.55,29.01,29.06,29.53 x 900,29.54 x 3200,27013609
365,27-9-2018  13:33:39,29.54,29.01,29.06,29.53 x 900,29.54 x 3200,27013609
366,27-9-2018  13:34:8,29.54,29.01,29.06,29.5400 x 3000,29.5500 x 800,27013609
367,27-9-2018  13:34:37,29.54,29.01,29.06,29.54 x 3000,29.55 x 800,27013609
368,27-9-2018  13:35:6,29.54,29.01,29.06,29.5100 x 3000,29.5200 x 1400,27013609
369,27-9-2018  13:35:36,29.55,29.01,29.06,29.51 x 3000,29.52 x 1400,27013609
370,27-9-2018  13:36:5,29.55,29.01,29.06,29.52 x 900,29.53 x 2200,27013609
371,27-9-2018  13:36:33,29.55,29.01,29.06,29.54 x 1300,29.55 x 2200,27013609
372,27-9-2018  13:37:2,29.55,29.01,29.06,29.54 x 1300,29.55 x 2200,27013609
373,27-9-2018  13:37:32,29.55,29.01,29.06,29.55 x 4000,29.56 x 800,27013609
374,27-9-2018  13:38:1,29.55,29.01,29.06,29.55 x 4000,29.56 x 800,27013609
375,27-9-2018  13:38:31,29.55,29.01,29.06,29.55 x 4000,29.56 x 800,27013609
376,27-9-2018  13:39:0,29.55,29.01,29.06,29.550 x 4000,29.560 x 800,27013609
377,27-9-2018  13:39:29,29.56,29.01,29.06,29.53 x 1400,29.54 x 800,27013609
378,27-9-2018  13:39:58,29.55,29.01,29.06,29.530 x 1400,29.540 x 800,27013609
379,27-9-2018  13:40:27,29.56,29.01,29.06,29.550 x 2900,29.540 x 2200,27013609
380,27-9-2018  13:40:56,29.55,29.01,29.06,29.55 x 2900,29.54 x 2200,27013609
381,27-9-2018  13:41:25,29.552,29.01,29.06,29.530 x 800,29.540 x 3100,27013609
382,27-9-2018  13:41:54,29.55,29.01,29.06,29.53 x 800,29.54 x 3100,27013609
383,27-9-2018  13:42:23,29.55,29.01,29.06,29.530 x 800,29.540 x 1300,27013609
384,27-9-2018  13:42:52,29.5516,29.01,29.06,29.5300 x 800,29.5400 x 1300,27013609
385,27-9-2018  13:43:21,29.55,29.01,29.06,29.530 x 1000,29.540 x 2200,27013609
386,27-9-2018  13:43:50,29.55,29.01,29.06,29.53 x 1100,29.54 x 2200,27013609
387,27-9-2018  13:44:19,29.54,29.01,29.06,29.54 x 900,29.55 x 4000,27013609
388,27-9-2018  13:44:48,29.525,29.01,29.06,29.540 x 900,29.550 x 4000,27013609
389,27-9-2018  13:45:17,29.52,29.01,29.06,29.54 x 800,29.55 x 1200,27013609
390,27-9-2018  13:45:46,29.5245,29.01,29.06,29.5400 x 800,29.5500 x 1200,27013609
391,27-9-2018  13:46:15,29.52,29.01,29.06,29.55 x 4000,29.56 x 1200,27013609
392,27-9-2018  13:46:44,29.53,29.01,29.06,29.530 x 3200,29.540 x 3000,27013609
393,27-9-2018  13:47:13,29.51,29.01,29.06,29.53 x 3200,29.54 x 3000,27013609
394,27-9-2018  13:47:42,29.53,29.01,29.06,29.53 x 900,29.54 x 900,27013609
395,27-9-2018  13:48:12,29.53,29.01,29.06,29.53 x 900,29.54 x 2900,27013609
396,27-9-2018  13:48:41,29.535,29.01,29.06,29.530 x 900,29.540 x 2900,27013609
397,27-9-2018  13:49:10,29.52,29.01,29.06,29.53 x 900,29.54 x 800,27013609
398,27-9-2018  13:49:40,29.53,29.01,29.06,29.53 x 4000,29.54 x 800,27013609
399,27-9-2018  13:50:9,29.52,29.01,29.06,29.53 x 4000,29.54 x 1100,27013609
400,27-9-2018  13:50:38,29.52,29.01,29.06,29.53 x 1000,29.54 x 1400,27013609
401,27-9-2018  13:51:7,29.52,29.01,29.06,29.53 x 1000,29.54 x 1400,27013609
402,27-9-2018  13:51:37,29.52,29.01,29.06,29.53 x 2900,29.54 x 1400,27013609
403,27-9-2018  13:52:5,29.535,29.01,29.06,29.530 x 2200,29.540 x 1400,27013609
404,27-9-2018  13:52:34,29.53,29.01,29.06,29.5300 x 1000,29.5400 x 1400,27013609
405,27-9-2018  13:53:4,29.54,29.01,29.06,29.530 x 900,29.540 x 1400,27013609
406,27-9-2018  13:53:33,29.57,29.01,29.06,29.54 x 900,29.55 x 1400,27013609
407,27-9-2018  13:54:2,29.56,29.01,29.06,29.54 x 900,29.55 x 1400,27013609
408,27-9-2018  13:54:31,29.559,29.01,29.06,29.540 x 1800,29.550 x 4000,27013609
409,27-9-2018  13:55:0,29.53,29.01,29.06,29.55 x 800,29.56 x 4000,27013609
410,27-9-2018  13:55:29,29.51,29.01,29.06,29.55 x 800,29.56 x 4000,27013609
411,27-9-2018  13:55:59,29.52,29.01,29.06,29.55 x 1200,29.56 x 4000,27013609
412,27-9-2018  13:56:28,29.52,29.01,29.06,29.5500 x 800,29.5600 x 4000,27013609
413,27-9-2018  13:56:56,29.523,29.01,29.06,29.5400 x 800,29.5500 x 4000,27013609
414,27-9-2018  13:57:25,29.52,29.01,29.06,29.54 x 800,29.55 x 4000,27013609
415,27-9-2018  13:57:54,29.515,29.01,29.06,29.5400 x 800,29.5500 x 4000,27013609
416,27-9-2018  13:58:23,29.51,29.01,29.06,29.54 x 800,29.55 x 4000,27013609
417,27-9-2018  13:58:53,29.51,29.01,29.06,29.54 x 900,29.55 x 4000,27013609
418,27-9-2018  13:59:21,29.51,29.01,29.06,29.5400 x 900,29.5500 x 4000,27013609
419,27-9-2018  13:59:51,29.505,29.01,29.06,29.530 x 800,29.540 x 3200,27013609
420,27-9-2018  14:0:20,29.5,29.01,29.06,29.53 x 800,29.54 x 3200,27013609
421,27-9-2018  14:0:48,29.52,29.01,29.06,29.52 x 1800,29.53 x 3200,27013609
422,27-9-2018  14:1:17,29.52,29.01,29.06,29.52 x 800,29.53 x 1100,27013609
423,27-9-2018  14:1:45,29.525,29.01,29.06,29.530 x 3100,29.540 x 800,27013609
424,27-9-2018  14:2:14,29.54,29.01,29.06,29.53 x 3100,29.54 x 800,27013609
425,27-9-2018  14:2:43,29.54,29.01,29.06,29.52 x 1200,29.53 x 800,27013609
426,27-9-2018  14:3:12,29.53,29.01,29.06,29.52 x 1200,29.53 x 800,27013609
427,27-9-2018  14:3:41,29.53,29.01,29.06,29.520 x 1200,29.530 x 800,27013609
428,27-9-2018  14:4:9,29.52,29.01,29.06,29.52 x 800,29.53 x 3100,27013609
429,27-9-2018  14:4:38,29.53,29.01,29.06,29.52 x 800,29.53 x 3100,27013609
430,27-9-2018  14:5:6,29.51,29.01,29.06,29.52 x 800,29.53 x 4000,27013609
431,27-9-2018  14:5:35,29.51,29.01,29.06,29.52 x 800,29.53 x 4000,27013609
432,27-9-2018  14:6:4,29.49,29.01,29.06,29.52 x 3100,29.53 x 800,27013609
433,27-9-2018  14:6:34,29.48,29.01,29.06,29.52 x 3100,29.53 x 800,27013609
434,27-9-2018  14:7:2,29.5,29.01,29.06,29.52 x 1400,29.53 x 900,27013609
435,27-9-2018  14:7:31,29.52,29.01,29.06,29.53 x 2900,29.54 x 900,27013609
436,27-9-2018  14:8:0,29.51,29.01,29.06,29.530 x 2900,29.540 x 900,27013609
437,27-9-2018  14:8:29,29.53,29.01,29.06,29.54 x 4000,29.55 x 900,27013609
438,27-9-2018  14:8:58,29.5333,29.01,29.06,29.5400 x 3000,29.5500 x 1400,27013609
439,27-9-2018  14:9:27,29.52,29.01,29.06,29.56 x 2900,29.57 x 1100,27013609
440,27-9-2018  14:9:57,29.51,29.01,29.06,29.56 x 1200,29.57 x 1300,27013609
441,27-9-2018  14:10:25,29.5232,29.01,29.06,29.5400 x 1400,29.5500 x 3200,27013609
442,27-9-2018  14:10:55,29.5232,29.01,29.06,29.5400 x 1400,29.5500 x 3200,27013609
443,27-9-2018  14:11:24,29.5016,29.01,29.06,29.5400 x 800,29.5500 x 800,27013609
444,27-9-2018  14:11:53,29.505,29.01,29.06,29.540 x 1400,29.550 x 800,27013609
445,27-9-2018  14:12:22,29.5,29.01,29.06,29.51 x 800,29.52 x 2200,27013609
446,27-9-2018  14:12:50,29.4816,29.01,29.06,29.5100 x 800,29.5200 x 2200,27013609
447,27-9-2018  14:13:19,29.48,29.01,29.06,29.51 x 900,29.52 x 3100,27013609
448,27-9-2018  14:13:49,29.4806,29.01,29.06,29.5100 x 2200,29.5200 x 2900,27013609
449,27-9-2018  14:14:18,29.481,29.01,29.06,29.510 x 1000,29.520 x 900,27013609
450,27-9-2018  14:14:48,29.481,29.01,29.06,29.510 x 1000,29.520 x 900,27013609
451,27-9-2018  14:15:16,29.48,29.01,29.06,29.5000 x 900,29.5100 x 3000,27013609
452,27-9-2018  14:15:45,29.4778,29.01,29.06,29.5100 x 4000,29.5200 x 1800,27013609
453,27-9-2018  14:16:14,29.465,29.01,29.06,29.510 x 4000,29.520 x 1800,27013609
454,27-9-2018  14:16:43,29.4633,29.01,29.06,29.5300 x 4000,29.5400 x 800,27013609
455,27-9-2018  14:17:12,29.455,29.01,29.06,29.530 x 4000,29.540 x 800,27013609
456,27-9-2018  14:17:41,29.44,29.01,29.06,29.53 x 4000,29.54 x 1400,27013609
457,27-9-2018  14:18:10,29.42,29.01,29.06,29.52 x 3000,29.53 x 2200,27013609
458,27-9-2018  14:18:40,29.435,29.01,29.06,29.530 x 3000,29.530 x 2200,27013609
459,27-9-2018  14:19:8,29.4469,29.01,29.06,29.5300 x 3000,29.5300 x 800,27013609
460,27-9-2018  14:19:37,29.4546,29.01,29.06,29.5300 x 3000,29.5300 x 800,27013609
461,27-9-2018  14:20:5,29.44,29.01,29.06,29.53 x 3000,29.54 x 800,27013609
462,27-9-2018  14:20:34,29.4399,29.01,29.06,29.53 x 3100,29.54 x 1200,27013609
463,27-9-2018  14:21:3,29.435,29.01,29.06,29.530 x 3100,29.540 x 1800,27013609
464,27-9-2018  14:21:32,29.4316,29.01,29.06,29.4900 x 2900,29.5000 x 1800,27013609
465,27-9-2018  14:22:0,29.43,29.01,29.06,29.48 x 1400,29.49 x 800,27013609
466,27-9-2018  14:22:30,29.41,29.01,29.06,29.48 x 1400,29.49 x 800,27013609
467,27-9-2018  14:22:59,29.4164,29.01,29.06,29.5300 x 1400,29.5400 x 800,27013609
468,27-9-2018  14:23:29,29.41,29.01,29.06,29.52 x 1400,29.53 x 800,27013609
469,27-9-2018  14:23:57,29.41,29.01,29.06,29.5200 x 1400,29.5300 x 800,27013609
470,27-9-2018  14:24:26,29.39,29.01,29.06,29.52 x 1000,29.53 x 1800,27013609
471,27-9-2018  14:24:54,29.38,29.01,29.06,29.520 x 1000,29.530 x 1800,27013609
472,27-9-2018  14:25:23,29.415,29.01,29.06,29.520 x 1000,29.530 x 1800,27013609
473,27-9-2018  14:25:52,29.4006,29.01,29.06,29.5200 x 1000,29.5300 x 1800,27013609
474,27-9-2018  14:26:21,29.4,29.01,29.06,29.500 x 1000,29.510 x 1800,27013609
475,27-9-2018  14:26:50,29.386,29.01,29.06,29.500 x 1000,29.510 x 1800,27013609
476,27-9-2018  14:27:19,29.37,29.01,29.06,29.49 x 1200,29.50 x 1400,27013609
477,27-9-2018  14:27:48,29.3769,29.01,29.06,29.4900 x 1200,29.5000 x 1400,27013609
478,27-9-2018  14:28:16,29.38,29.01,29.06,29.49 x 1400,29.50 x 2200,27013609
479,27-9-2018  14:28:45,29.4,29.01,29.06,29.49 x 1400,29.50 x 2200,27013609
480,27-9-2018  14:29:14,29.3919,29.01,29.06,29.4900 x 1300,29.5000 x 1400,27013609
481,27-9-2018  14:29:44,29.4,29.01,29.06,29.49 x 800,29.50 x 3200,27013609
482,27-9-2018  14:30:12,29.38,29.01,29.06,29.49 x 800,29.50 x 2900,27013609
483,27-9-2018  14:30:41,29.372,29.01,29.06,29.49 x 800,29.50 x 4000,27013609
484,27-9-2018  14:31:10,29.375,29.01,29.06,29.4700 x 800,29.4800 x 4000,27013609
485,27-9-2018  14:31:39,29.3854,29.01,29.06,29.4700 x 800,29.4800 x 4000,27013609
486,27-9-2018  14:32:9,29.38,29.01,29.06,29.45 x 800,29.46 x 2200,27013609
487,27-9-2018  14:32:38,29.3824,29.01,29.06,29.4500 x 800,29.4600 x 2200,27013609
488,27-9-2018  14:33:7,29.395,29.01,29.06,29.4400 x 3100,29.4500 x 1300,27013609
489,27-9-2018  14:33:36,29.4,29.01,29.06,29.4400 x 3100,29.4500 x 1300,27013609
490,27-9-2018  14:34:5,29.4,29.01,29.06,29.43 x 800,29.44 x 1200,27013609
491,27-9-2018  14:34:34,29.4,29.01,29.06,29.4400 x 3200,29.4500 x 800,27013609
492,27-9-2018  14:35:4,29.39,29.01,29.06,29.44 x 3200,29.45 x 800,27013609
493,27-9-2018  14:35:32,29.39,29.01,29.06,29.44 x 3200,29.45 x 800,27013609
494,27-9-2018  14:36:2,29.39,29.01,29.06,29.430 x 1800,29.440 x 800,27013609
495,27-9-2018  14:36:31,29.39,29.01,29.06,29.43 x 1800,29.44 x 800,27013609
496,27-9-2018  14:37:0,29.4,29.01,29.06,29.43 x 800,29.44 x 800,27013609
497,27-9-2018  14:37:28,29.385,29.01,29.06,29.420 x 1400,29.430 x 1800,27013609
498,27-9-2018  14:37:57,29.385,29.01,29.06,29.4200 x 1400,29.4300 x 1800,27013609
499,27-9-2018  14:38:26,29.39,29.01,29.06,29.42 x 1400,29.43 x 1400,27013609
500,27-9-2018  14:38:55,29.39,29.01,29.06,29.42 x 1100,29.43 x 1400,27013609
501,27-9-2018  14:39:24,29.4,29.01,29.06,29.4000 x 900,29.4100 x 2200,27013609
502,27-9-2018  14:39:53,29.4,29.01,29.06,29.4000 x 900,29.4100 x 2200,27013609
503,27-9-2018  14:40:21,29.39,29.01,29.06,29.390 x 2200,29.400 x 800,27013609
504,27-9-2018  14:40:50,29.395,29.01,29.06,29.3900 x 2200,29.4000 x 800,27013609
505,27-9-2018  14:41:19,29.4,29.01,29.06,29.39 x 2200,29.40 x 3000,27013609
506,27-9-2018  14:41:48,29.405,29.01,29.06,29.390 x 800,29.400 x 1800,27013609
507,27-9-2018  14:42:17,29.405,29.01,29.06,29.3900 x 800,29.4000 x 1800,27013609
508,27-9-2018  14:42:46,29.4,29.01,29.06,29.39 x 1800,29.40 x 1800,27013609
509,27-9-2018  14:43:14,29.4,29.01,29.06,29.36 x 800,29.37 x 1800,27013609
510,27-9-2018  14:43:44,29.41,29.01,29.06,29.36 x 800,29.37 x 1800,27013609
511,27-9-2018  14:44:13,29.395,29.01,29.06,29.360 x 800,29.370 x 1800,27013609
512,27-9-2018  14:44:42,29.4,29.01,29.06,29.40 x 800,29.41 x 900,27013609
513,27-9-2018  14:45:12,29.43,29.01,29.06,29.40 x 800,29.41 x 900,27013609
514,27-9-2018  14:45:41,29.435,29.01,29.06,29.370 x 800,29.380 x 900,27013609
515,27-9-2018  14:46:10,29.42,29.01,29.06,29.370 x 800,29.380 x 900,27013609
516,27-9-2018  14:46:39,29.425,29.01,29.06,29.3700 x 2900,29.3800 x 900,27013609
517,27-9-2018  14:47:8,29.425,29.01,29.06,29.370 x 800,29.380 x 1400,27013609
518,27-9-2018  14:47:37,29.43,29.01,29.06,29.3700 x 800,29.3800 x 1400,27013609
519,27-9-2018  14:48:6,29.43,29.01,29.06,29.39 x 2900,29.40 x 1400,27013609
520,27-9-2018  14:48:35,29.42,29.01,29.06,29.39 x 2900,29.40 x 1400,27013609
521,27-9-2018  14:49:4,29.42,29.01,29.06,29.390 x 900,29.400 x 3200,27013609
522,27-9-2018  14:49:33,29.425,29.01,29.06,29.390 x 900,29.400 x 3200,27013609
523,27-9-2018  14:50:1,29.43,29.01,29.06,29.38 x 1100,29.39 x 2200,27013609
524,27-9-2018  14:50:30,29.443,29.01,29.06,29.380 x 1100,29.390 x 2200,27013609
525,27-9-2018  14:50:59,29.45,29.01,29.06,29.38 x 1400,29.39 x 2200,27013609
526,27-9-2018  14:51:29,29.44,29.01,29.06,29.38 x 1400,29.39 x 2200,27013609
527,27-9-2018  14:51:58,29.4541,29.01,29.06,29.3800 x 1400,29.3900 x 2200,27013609
528,27-9-2018  14:52:27,29.45,29.01,29.06,29.38 x 1000,29.39 x 900,27013609
529,27-9-2018  14:52:56,29.466,29.01,29.06,29.390 x 1400,29.400 x 900,27013609
530,27-9-2018  14:53:24,29.47,29.01,29.06,29.39 x 1400,29.40 x 900,27013609
531,27-9-2018  14:53:53,29.47,29.01,29.06,29.39 x 4000,29.40 x 1400,27013609
532,27-9-2018  14:54:22,29.475,29.01,29.06,29.390 x 4000,29.400 x 1400,27013609
533,27-9-2018  14:54:51,29.48,29.01,29.06,29.39 x 3000,29.40 x 1300,27013609
534,27-9-2018  14:55:20,29.4868,29.01,29.06,29.3900 x 3000,29.4000 x 1300,27013609
535,27-9-2018  14:55:49,29.47,29.01,29.06,29.390 x 800,29.400 x 1400,27013609
536,27-9-2018  14:56:19,29.48,29.01,29.06,29.38 x 800,29.39 x 2200,27013609
537,27-9-2018  14:56:48,29.47,29.01,29.06,29.380 x 800,29.390 x 2200,27013609
538,27-9-2018  14:57:17,29.45,29.01,29.06,29.410 x 4000,29.420 x 2200,27013609
539,27-9-2018  14:57:46,29.4542,29.01,29.06,29.4100 x 4000,29.4200 x 2200,27013609
540,27-9-2018  14:58:14,29.44,29.01,29.06,29.41 x 4000,29.42 x 1000,27013609
541,27-9-2018  14:58:43,29.445,29.01,29.06,29.400 x 4000,29.410 x 800,27013609
542,27-9-2018  14:59:12,29.443,29.01,29.06,29.400 x 4000,29.410 x 800,27013609
543,27-9-2018  14:59:42,29.459,29.01,29.06,29.390 x 800,29.400 x 4000,27013609
544,27-9-2018  15:0:11,29.44,29.01,29.06,29.43 x 4000,29.44 x 800,27013609
545,27-9-2018  15:0:40,29.453,29.01,29.06,29.430 x 4000,29.440 x 800,27013609
546,27-9-2018  15:1:9,29.45,29.01,29.06,29.43 x 4000,29.44 x 3000,27013609
547,27-9-2018  15:1:39,29.45,29.01,29.06,29.410 x 4000,29.420 x 4000,27013609
548,27-9-2018  15:2:7,29.45,29.01,29.06,29.41 x 2200,29.42 x 1200,27013609
549,27-9-2018  15:2:37,29.44,29.01,29.06,29.41 x 3000,29.42 x 800,27013609
550,27-9-2018  15:3:5,29.43,29.01,29.06,29.43 x 4000,29.44 x 800,27013609
551,27-9-2018  15:3:34,29.45,29.01,29.06,29.43 x 800,29.44 x 3100,27013609
552,27-9-2018  15:4:3,29.458,29.01,29.06,29.420 x 800,29.430 x 3100,27013609
553,27-9-2018  15:4:32,29.45,29.01,29.06,29.4200 x 800,29.4300 x 2200,27013609
554,27-9-2018  15:5:0,29.45,29.01,29.06,29.430 x 3000,29.440 x 800,27013609
555,27-9-2018  15:5:29,29.46,29.01,29.06,29.430 x 3000,29.440 x 800,27013609
556,27-9-2018  15:5:58,29.47,29.01,29.06,29.43 x 1100,29.44 x 2200,27013609
557,27-9-2018  15:6:27,29.46,29.01,29.06,29.45 x 4000,29.46 x 800,27013609
558,27-9-2018  15:6:55,29.465,29.01,29.06,29.450 x 4000,29.460 x 800,27013609
559,27-9-2018  15:7:25,29.47,29.01,29.06,29.4500 x 800,29.4600 x 1400,27013609
560,27-9-2018  15:7:54,29.47,29.01,29.06,29.44 x 800,29.45 x 4000,27013609
561,27-9-2018  15:8:23,29.45,29.01,29.06,29.47 x 3000,29.48 x 4000,27013609
562,27-9-2018  15:8:52,29.45,29.01,29.06,29.47 x 3000,29.48 x 4000,27013609
563,27-9-2018  15:9:21,29.44,29.01,29.06,29.46 x 800,29.47 x 1200,27013609
564,27-9-2018  15:9:50,29.43,29.01,29.06,29.46 x 800,29.47 x 1200,27013609
565,27-9-2018  15:10:19,29.405,29.01,29.06,29.4800 x 2900,29.4900 x 800,27013609
566,27-9-2018  15:10:48,29.42,29.01,29.06,29.48 x 2900,29.49 x 800,27013609
567,27-9-2018  15:11:17,29.415,29.01,29.06,29.480 x 4000,29.490 x 1100,27013609
568,27-9-2018  15:11:46,29.43,29.01,29.06,29.48 x 4000,29.49 x 1100,27013609
569,27-9-2018  15:12:15,29.43,29.01,29.06,29.46 x 800,29.47 x 2200,27013609
570,27-9-2018  15:12:44,29.42,29.01,29.06,29.4600 x 800,29.4700 x 2200,27013609
571,27-9-2018  15:13:13,29.42,29.01,29.06,29.46 x 800,29.47 x 2200,27013609
572,27-9-2018  15:13:42,29.42,29.01,29.06,29.44 x 3200,29.45 x 900,27013609
573,27-9-2018  15:14:12,29.425,29.01,29.06,29.440 x 3200,29.450 x 900,27013609
574,27-9-2018  15:14:41,29.425,29.01,29.06,29.450 x 1800,29.460 x 900,27013609
575,27-9-2018  15:15:9,29.41,29.01,29.06,29.45 x 1800,29.46 x 900,27013609
576,27-9-2018  15:15:38,29.425,29.01,29.06,29.450 x 1800,29.460 x 900,27013609
577,27-9-2018  15:16:7,29.42,29.01,29.06,29.46 x 3000,29.47 x 1000,27013609
578,27-9-2018  15:16:36,29.42,29.01,29.06,29.46 x 3000,29.47 x 1000,27013609
579,27-9-2018  15:17:5,29.42,29.01,29.06,29.46 x 1400,29.47 x 1200,27013609
580,27-9-2018  15:17:34,29.44,29.01,29.06,29.43 x 1100,29.44 x 3200,27013609
581,27-9-2018  15:18:3,29.44,29.01,29.06,29.43 x 1100,29.44 x 3200,27013609
582,27-9-2018  15:18:33,29.43,29.01,29.06,29.44 x 3200,29.45 x 1000,27013609
583,27-9-2018  15:19:1,29.445,29.01,29.06,29.440 x 3200,29.450 x 1000,27013609
584,27-9-2018  15:19:30,29.44,29.01,29.06,29.44 x 900,29.45 x 1800,27013609
585,27-9-2018  15:19:59,29.44,29.01,29.06,29.44 x 900,29.45 x 1800,27013609
586,27-9-2018  15:20:28,29.445,29.01,29.06,29.440 x 1100,29.450 x 1100,27013609
587,27-9-2018  15:20:57,29.43,29.01,29.06,29.46 x 1400,29.45 x 800,27013609
588,27-9-2018  15:21:27,29.41,29.01,29.06,29.46 x 1400,29.47 x 800,27013609
589,27-9-2018  15:21:55,29.42,29.01,29.06,29.460 x 1400,29.470 x 1200,27013609
590,27-9-2018  15:22:24,29.43,29.01,29.06,29.460 x 1400,29.470 x 1400,27013609
591,27-9-2018  15:22:53,29.43,29.01,29.06,29.46 x 1400,29.47 x 3100,27013609
592,27-9-2018  15:23:22,29.43,29.01,29.06,29.450 x 800,29.460 x 3100,27013609
593,27-9-2018  15:23:50,29.435,29.01,29.06,29.45 x 800,29.46 x 3100,27013609
594,27-9-2018  15:24:19,29.43,29.01,29.06,29.45 x 1800,29.46 x 1800,27013609
595,27-9-2018  15:24:49,29.42,29.01,29.06,29.44 x 800,29.45 x 1100,27013609
596,27-9-2018  15:25:18,29.41,29.01,29.06,29.41 x 800,29.42 x 1800,27013609
597,27-9-2018  15:25:47,29.4,29.01,29.06,29.41 x 800,29.42 x 1800,27013609
598,27-9-2018  15:26:15,29.41,29.01,29.06,29.41 x 800,29.42 x 1800,27013609
599,27-9-2018  15:26:44,29.405,29.01,29.06,29.4100 x 800,29.4200 x 1800,27013609
600,27-9-2018  15:27:13,29.42,29.01,29.06,29.41 x 3000,29.42 x 800,27013609
601,27-9-2018  15:27:42,29.415,29.01,29.06,29.4300 x 3000,29.4400 x 800,27013609
602,27-9-2018  15:28:11,29.42,29.01,29.06,29.42 x 4000,29.43 x 800,27013609
603,27-9-2018  15:28:40,29.42,29.01,29.06,29.42 x 4000,29.43 x 800,27013609
604,27-9-2018  15:29:9,29.42,29.01,29.06,29.42 x 3100,29.43 x 900,27013609
605,27-9-2018  15:29:38,29.42,29.01,29.06,29.42 x 3100,29.43 x 900,27013609
606,27-9-2018  15:30:7,29.42,29.01,29.06,29.410 x 1300,29.420 x 2900,27013609
607,27-9-2018  15:30:36,29.415,29.01,29.06,29.410 x 1300,29.420 x 2900,27013609
608,27-9-2018  15:31:5,29.415,29.01,29.06,29.410 x 1300,29.420 x 2900,27013609
609,27-9-2018  15:31:34,29.425,29.01,29.06,29.410 x 1300,29.420 x 2900,27013609
610,27-9-2018  15:32:2,29.41,29.01,29.06,29.41 x 800,29.42 x 2200,27013609
611,27-9-2018  15:32:31,29.405,29.01,29.06,29.410 x 800,29.420 x 2200,27013609
612,27-9-2018  15:33:0,29.415,29.01,29.06,29.410 x 800,29.420 x 2200,27013609
613,27-9-2018  15:33:28,29.415,29.01,29.06,29.440 x 3200,29.450 x 800,27013609
614,27-9-2018  15:33:57,29.415,29.01,29.06,29.440 x 3200,29.450 x 800,27013609
615,27-9-2018  15:34:26,29.415,29.01,29.06,29.440 x 3200,29.450 x 800,27013609
616,27-9-2018  15:34:55,29.435,29.01,29.06,29.4400 x 3200,29.4500 x 1100,27013609
617,27-9-2018  15:35:24,29.435,29.01,29.06,29.440 x 3200,29.450 x 1100,27013609
618,27-9-2018  15:35:53,29.44,29.01,29.06,29.43 x 800,29.44 x 4000,27013609
619,27-9-2018  15:36:22,29.435,29.01,29.06,29.430 x 800,29.440 x 4000,27013609
620,27-9-2018  15:36:51,29.43,29.01,29.06,29.42 x 3200,29.43 x 800,27013609
621,27-9-2018  15:37:20,29.44,29.01,29.06,29.42 x 3200,29.43 x 800,27013609
622,27-9-2018  15:37:49,29.455,29.01,29.06,29.430 x 4000,29.440 x 800,27013609
623,27-9-2018  15:38:18,29.45,29.01,29.06,29.43 x 4000,29.44 x 800,27013609
624,27-9-2018  15:38:46,29.46,29.01,29.06,29.43 x 900,29.44 x 3200,27013609
625,27-9-2018  15:39:15,29.45,29.01,29.06,29.44 x 3200,29.45 x 800,27013609
626,27-9-2018  15:39:44,29.45,29.01,29.06,29.44 x 3200,29.45 x 800,27013609
627,27-9-2018  15:40:13,29.43,29.01,29.06,29.40 x 800,29.41 x 1800,27013609
628,27-9-2018  15:40:42,29.43,29.01,29.06,29.400 x 800,29.410 x 1800,27013609
629,27-9-2018  15:41:10,29.445,29.01,29.06,29.400 x 2900,29.410 x 1300,27013609
630,27-9-2018  15:41:39,29.465,29.01,29.06,29.410 x 3100,29.420 x 800,27013609
631,27-9-2018  15:42:8,29.46,29.01,29.06,29.41 x 3100,29.42 x 800,27013609
632,27-9-2018  15:42:36,29.47,29.01,29.06,29.40 x 900,29.41 x 3200,27013609
633,27-9-2018  15:43:4,29.47,29.01,29.06,29.40 x 900,29.41 x 3200,27013609
634,27-9-2018  15:43:33,29.465,29.01,29.06,29.400 x 1000,29.410 x 3200,27013609
635,27-9-2018  15:44:2,29.465,29.01,29.06,29.400 x 3000,29.410 x 1400,27013609
636,27-9-2018  15:44:31,29.4625,29.01,29.06,29.4100 x 800,29.4200 x 4000,27013609
637,27-9-2018  15:45:0,29.46,29.01,29.06,29.41 x 800,29.42 x 4000,27013609
638,27-9-2018  15:45:29,29.44,29.01,29.06,29.42 x 1800,29.43 x 1000,27013609
639,27-9-2018  15:45:58,29.44,29.01,29.06,29.42 x 1800,29.43 x 1000,27013609
640,27-9-2018  15:46:26,29.455,29.01,29.06,29.420 x 1800,29.430 x 800,27013609
641,27-9-2018  15:46:55,29.45,29.01,29.06,29.42 x 800,29.43 x 3200,27013609
642,27-9-2018  15:47:24,29.455,29.01,29.06,29.410 x 800,29.420 x 3200,27013609
643,27-9-2018  15:47:53,29.455,29.01,29.06,29.410 x 3100,29.420 x 1000,27013609
644,27-9-2018  15:48:21,29.46,29.01,29.06,29.41 x 3100,29.42 x 1000,27013609
645,27-9-2018  15:48:50,29.445,29.01,29.06,29.410 x 2200,29.420 x 2900,27013609
646,27-9-2018  15:49:19,29.445,29.01,29.06,29.410 x 2900,29.420 x 3000,27013609
647,27-9-2018  15:49:48,29.425,29.01,29.06,29.420 x 3100,29.430 x 800,27013609
648,27-9-2018  15:50:16,29.44,29.01,29.06,29.42 x 1200,29.43 x 3100,27013609
649,27-9-2018  15:50:45,29.44,29.01,29.06,29.42 x 1800,29.43 x 4000,27013609
650,27-9-2018  15:51:14,29.44,29.01,29.06,29.42 x 1400,29.43 x 3000,27013609
651,27-9-2018  15:51:43,29.42,29.01,29.06,29.4200 x 2200,29.4300 x 3000,27013609
652,27-9-2018  15:52:12,29.42,29.01,29.06,29.420 x 2900,29.430 x 2900,27013609
653,27-9-2018  15:52:41,29.415,29.01,29.06,29.440 x 3000,29.450 x 800,27013609
654,27-9-2018  15:53:10,29.41,29.01,29.06,29.44 x 1800,29.45 x 800,27013609
655,27-9-2018  15:53:39,29.41,29.01,29.06,29.44 x 2200,29.45 x 800,27013609
656,27-9-2018  15:54:8,29.4085,29.01,29.06,29.4600 x 4000,29.4700 x 900,27013609
657,27-9-2018  15:54:37,29.42,29.01,29.06,29.46 x 2900,29.47 x 900,27013609
658,27-9-2018  15:55:6,29.39,29.01,29.06,29.46 x 2900,29.47 x 900,27013609
659,27-9-2018  15:55:35,29.39,29.01,29.06,29.43 x 800,29.44 x 900,27013609
660,27-9-2018  15:56:4,29.42,29.01,29.06,29.43 x 4000,29.44 x 900,27013609
661,27-9-2018  15:56:33,29.42,29.01,29.06,29.45 x 4000,29.46 x 800,27013609
662,27-9-2018  15:57:2,29.41,29.01,29.06,29.45 x 4000,29.46 x 800,27013609
663,27-9-2018  15:57:31,29.431,29.01,29.06,29.450 x 3100,29.460 x 1800,27013609
664,27-9-2018  15:57:59,29.435,29.01,29.06,29.450 x 4000,29.460 x 2900,27013609
665,27-9-2018  15:58:28,29.41,29.01,29.06,29.45 x 2900,29.46 x 2900,27013609
666,27-9-2018  15:58:57,29.4,29.01,29.06,29.450 x 4000,29.460 x 2900,27013609
667,27-9-2018  15:59:26,29.415,29.01,29.06,29.450 x 900,29.460 x 4000,27013609
668,27-9-2018  15:59:54,29.415,29.01,29.06,29.450 x 900,29.460 x 4000,27013609
669,27-9-2018  16:0:24,29.42,29.01,29.06,29.45 x 800,29.46 x 4000,27013609
670,27-9-2018  16:0:52,29.415,29.01,29.06,29.450 x 800,29.460 x 4000,27013609
